model_type,cl_method,train_task_id,eval_task_id,metric_name,metric_value,timestamp
forecasting,naive,1,1,mase,0.6379046450880608,2026-05-06T15:25:18
forecasting,naive,1,1,smape,56.017881631851196,2026-05-06T15:25:18
forecasting,naive,1,1,rmse,320.6734313964844,2026-05-06T15:25:18
forecasting,naive,2,1,mase,1.1638980598171589,2026-05-06T15:25:58
forecasting,naive,2,1,smape,70.54369449615479,2026-05-06T15:25:58
forecasting,naive,2,1,rmse,886.8553466796875,2026-05-06T15:25:58
forecasting,naive,2,2,mase,2.479058179061568,2026-05-06T15:26:11
forecasting,naive,2,2,smape,116.34001731872559,2026-05-06T15:26:11
forecasting,naive,2,2,rmse,1267.784423828125,2026-05-06T15:26:11
forecasting,naive,3,1,mase,0.44450499149487394,2026-05-06T15:27:09
forecasting,naive,3,1,smape,34.466904401779175,2026-05-06T15:27:09
forecasting,naive,3,1,rmse,368.9769287109375,2026-05-06T15:27:09
forecasting,naive,3,2,mase,0.6187163113941976,2026-05-06T15:27:23
forecasting,naive,3,2,smape,65.51862359046936,2026-05-06T15:27:23
forecasting,naive,3,2,rmse,276.6304626464844,2026-05-06T15:27:23
forecasting,naive,3,3,mase,0.6069784773284319,2026-05-06T15:27:32
forecasting,naive,3,3,smape,43.868544697761536,2026-05-06T15:27:32
forecasting,naive,3,3,rmse,371.9992370605469,2026-05-06T15:27:32
forecasting,naive,4,1,mase,1.2082107235629458,2026-05-06T15:28:40
forecasting,naive,4,1,smape,72.65878319740295,2026-05-06T15:28:40
forecasting,naive,4,1,rmse,903.867919921875,2026-05-06T15:28:40
forecasting,naive,4,2,mase,2.4926139947840524,2026-05-06T15:28:53
forecasting,naive,4,2,smape,110.0454330444336,2026-05-06T15:28:53
forecasting,naive,4,2,rmse,1531.4779052734375,2026-05-06T15:28:53
forecasting,naive,4,3,mase,1.7443705225140091,2026-05-06T15:29:03
forecasting,naive,4,3,smape,84.81791615486145,2026-05-06T15:29:03
forecasting,naive,4,3,rmse,1116.331787109375,2026-05-06T15:29:03
forecasting,naive,4,4,mase,3.3134266641184693,2026-05-06T15:29:16
forecasting,naive,4,4,smape,120.07226943969727,2026-05-06T15:29:16
forecasting,naive,4,4,rmse,1899.66015625,2026-05-06T15:29:16
forecasting,naive,5,1,mase,0.4903046397368959,2026-05-06T15:30:18
forecasting,naive,5,1,smape,32.61348605155945,2026-05-06T15:30:18
forecasting,naive,5,1,rmse,393.97265625,2026-05-06T15:30:18
forecasting,naive,5,2,mase,0.3675167933446165,2026-05-06T15:30:31
forecasting,naive,5,2,smape,42.085278034210205,2026-05-06T15:30:31
forecasting,naive,5,2,rmse,209.52146911621094,2026-05-06T15:30:31
forecasting,naive,5,3,mase,0.9077004688472304,2026-05-06T15:30:40
forecasting,naive,5,3,smape,44.93677616119385,2026-05-06T15:30:40
forecasting,naive,5,3,rmse,722.77490234375,2026-05-06T15:30:40
forecasting,naive,5,4,mase,0.4955855394433646,2026-05-06T15:30:54
forecasting,naive,5,4,smape,51.8765389919281,2026-05-06T15:30:54
forecasting,naive,5,4,rmse,248.89300537109375,2026-05-06T15:30:54
forecasting,naive,5,5,mase,0.9814072076214986,2026-05-06T15:31:04
forecasting,naive,5,5,smape,52.176493406295776,2026-05-06T15:31:04
forecasting,naive,5,5,rmse,698.5714721679688,2026-05-06T15:31:04
forecasting,naive,6,1,mase,1.2159064123579983,2026-05-06T15:31:41
forecasting,naive,6,1,smape,69.26845908164978,2026-05-06T15:31:41
forecasting,naive,6,1,rmse,911.6560668945312,2026-05-06T15:31:41
forecasting,naive,6,2,mase,2.4707198099695313,2026-05-06T15:31:53
forecasting,naive,6,2,smape,110.86921691894531,2026-05-06T15:31:53
forecasting,naive,6,2,rmse,1591.2420654296875,2026-05-06T15:31:53
forecasting,naive,6,3,mase,2.261665659174072,2026-05-06T15:32:02
forecasting,naive,6,3,smape,87.10830211639404,2026-05-06T15:32:02
forecasting,naive,6,3,rmse,1504.7318115234375,2026-05-06T15:32:02
forecasting,naive,6,4,mase,3.2678117148396564,2026-05-06T15:32:16
forecasting,naive,6,4,smape,127.9988169670105,2026-05-06T15:32:16
forecasting,naive,6,4,rmse,1825.2811279296875,2026-05-06T15:32:16
forecasting,naive,6,5,mase,3.0429973215832544,2026-05-06T15:32:26
forecasting,naive,6,5,smape,107.8858494758606,2026-05-06T15:32:26
forecasting,naive,6,5,rmse,1792.245849609375,2026-05-06T15:32:26
forecasting,naive,6,6,mase,5.079715643522367,2026-05-06T15:32:39
forecasting,naive,6,6,smape,143.8218593597412,2026-05-06T15:32:39
forecasting,naive,6,6,rmse,2623.152099609375,2026-05-06T15:32:39
forecasting,ewc,1,1,mase,0.7457595884321726,2026-05-06T15:33:30
forecasting,ewc,1,1,smape,59.21328663825989,2026-05-06T15:33:30
forecasting,ewc,1,1,rmse,383.3913879394531,2026-05-06T15:33:30
forecasting,ewc,2,1,mase,0.7618413436063748,2026-05-06T15:34:52
forecasting,ewc,2,1,smape,60.83289384841919,2026-05-06T15:34:52
forecasting,ewc,2,1,rmse,381.0866394042969,2026-05-06T15:34:52
forecasting,ewc,2,2,mase,1.3672851403379234,2026-05-06T15:35:04
forecasting,ewc,2,2,smape,98.33287596702576,2026-05-06T15:35:04
forecasting,ewc,2,2,rmse,523.5816650390625,2026-05-06T15:35:04
forecasting,ewc,3,1,mase,0.7295834846775543,2026-05-06T15:35:57
forecasting,ewc,3,1,smape,89.18266892433167,2026-05-06T15:35:57
forecasting,ewc,3,1,rmse,374.9427490234375,2026-05-06T15:35:57
forecasting,ewc,3,2,mase,0.5837990261464103,2026-05-06T15:36:09
forecasting,ewc,3,2,smape,79.11675572395325,2026-05-06T15:36:09
forecasting,ewc,3,2,rmse,252.35482788085938,2026-05-06T15:36:09
forecasting,ewc,3,3,mase,0.6791717022826862,2026-05-06T15:36:18
forecasting,ewc,3,3,smape,65.53188562393188,2026-05-06T15:36:18
forecasting,ewc,3,3,rmse,379.9591064453125,2026-05-06T15:36:18
forecasting,ewc,4,1,mase,0.6810819070196981,2026-05-06T15:37:40
forecasting,ewc,4,1,smape,68.80050301551819,2026-05-06T15:37:40
forecasting,ewc,4,1,rmse,374.1341247558594,2026-05-06T15:37:40
forecasting,ewc,4,2,mase,0.7332370036210419,2026-05-06T15:37:52
forecasting,ewc,4,2,smape,74.48838353157043,2026-05-06T15:37:52
forecasting,ewc,4,2,rmse,308.9643249511719,2026-05-06T15:37:52
forecasting,ewc,4,3,mase,0.7601828096375257,2026-05-06T15:38:01
forecasting,ewc,4,3,smape,64.50952887535095,2026-05-06T15:38:01
forecasting,ewc,4,3,rmse,392.76019287109375,2026-05-06T15:38:01
forecasting,ewc,4,4,mase,0.7534948032091388,2026-05-06T15:38:13
forecasting,ewc,4,4,smape,76.11702680587769,2026-05-06T15:38:13
forecasting,ewc,4,4,rmse,298.57110595703125,2026-05-06T15:38:13
forecasting,ewc,5,1,mase,0.5672095817160636,2026-05-06T15:38:58
forecasting,ewc,5,1,smape,51.7512321472168,2026-05-06T15:38:58
forecasting,ewc,5,1,rmse,320.45489501953125,2026-05-06T15:38:58
forecasting,ewc,5,2,mase,0.7492481348984791,2026-05-06T15:39:10
forecasting,ewc,5,2,smape,76.56080722808838,2026-05-06T15:39:10
forecasting,ewc,5,2,rmse,303.442626953125,2026-05-06T15:39:10
forecasting,ewc,5,3,mase,0.8965194946502,2026-05-06T15:39:19
forecasting,ewc,5,3,smape,72.1487820148468,2026-05-06T15:39:19
forecasting,ewc,5,3,rmse,430.98291015625,2026-05-06T15:39:19
forecasting,ewc,5,4,mase,0.8921845570294086,2026-05-06T15:39:31
forecasting,ewc,5,4,smape,81.7658543586731,2026-05-06T15:39:31
forecasting,ewc,5,4,rmse,351.4407653808594,2026-05-06T15:39:31
forecasting,ewc,5,5,mase,0.9844822508589618,2026-05-06T15:39:41
forecasting,ewc,5,5,smape,72.00424075126648,2026-05-06T15:39:41
forecasting,ewc,5,5,rmse,491.42974853515625,2026-05-06T15:39:41
forecasting,ewc,6,1,mase,0.5933647083415989,2026-05-06T15:40:54
forecasting,ewc,6,1,smape,55.677831172943115,2026-05-06T15:40:54
forecasting,ewc,6,1,rmse,321.2207946777344,2026-05-06T15:40:54
forecasting,ewc,6,2,mase,0.8796606609978355,2026-05-06T15:41:06
forecasting,ewc,6,2,smape,84.60776209831238,2026-05-06T15:41:06
forecasting,ewc,6,2,rmse,342.22503662109375,2026-05-06T15:41:06
forecasting,ewc,6,3,mase,0.9644314069546158,2026-05-06T15:41:15
forecasting,ewc,6,3,smape,76.87187194824219,2026-05-06T15:41:15
forecasting,ewc,6,3,rmse,446.10540771484375,2026-05-06T15:41:15
forecasting,ewc,6,4,mase,0.9919921385357067,2026-05-06T15:41:27
forecasting,ewc,6,4,smape,86.71686053276062,2026-05-06T15:41:27
forecasting,ewc,6,4,rmse,384.18798828125,2026-05-06T15:41:27
forecasting,ewc,6,5,mase,1.0400894978603559,2026-05-06T15:41:36
forecasting,ewc,6,5,smape,76.04034543037415,2026-05-06T15:41:36
forecasting,ewc,6,5,rmse,500.6729431152344,2026-05-06T15:41:36
forecasting,ewc,6,6,mase,1.0188033357822792,2026-05-06T15:41:49
forecasting,ewc,6,6,smape,84.6794068813324,2026-05-06T15:41:49
forecasting,ewc,6,6,rmse,412.0015563964844,2026-05-06T15:41:49
forecasting,replay,1,1,mase,0.744377168412367,2026-05-06T15:42:43
forecasting,replay,1,1,smape,59.483325481414795,2026-05-06T15:42:43
forecasting,replay,1,1,rmse,380.109375,2026-05-06T15:42:43
forecasting,replay,2,1,mase,0.9402152492337785,2026-05-06T15:43:54
forecasting,replay,2,1,smape,69.08652186393738,2026-05-06T15:43:54
forecasting,replay,2,1,rmse,631.4736328125,2026-05-06T15:43:54
forecasting,replay,2,2,mase,2.4686360761293766,2026-05-06T15:44:06
forecasting,replay,2,2,smape,118.52277517318726,2026-05-06T15:44:06
forecasting,replay,2,2,rmse,1221.773193359375,2026-05-06T15:44:06
forecasting,replay,3,1,mase,0.45367447741981526,2026-05-06T15:45:03
forecasting,replay,3,1,smape,38.963013887405396,2026-05-06T15:45:03
forecasting,replay,3,1,rmse,399.5704650878906,2026-05-06T15:45:03
forecasting,replay,3,2,mase,0.6109404339352127,2026-05-06T15:45:15
forecasting,replay,3,2,smape,51.44987106323242,2026-05-06T15:45:15
forecasting,replay,3,2,rmse,692.6835327148438,2026-05-06T15:45:15
forecasting,replay,3,3,mase,4.464423479050922,2026-05-06T15:45:24
forecasting,replay,3,3,smape,116.80725812911987,2026-05-06T15:45:24
forecasting,replay,3,3,rmse,2251.78466796875,2026-05-06T15:45:24
forecasting,replay,4,1,mase,0.6560968198856246,2026-05-06T15:46:29
forecasting,replay,4,1,smape,53.81659269332886,2026-05-06T15:46:29
forecasting,replay,4,1,rmse,690.3095703125,2026-05-06T15:46:29
forecasting,replay,4,2,mase,2.0285250126359,2026-05-06T15:46:41
forecasting,replay,4,2,smape,102.3597240447998,2026-05-06T15:46:41
forecasting,replay,4,2,rmse,1347.439697265625,2026-05-06T15:46:41
forecasting,replay,4,3,mase,7.697205755414994,2026-05-06T15:46:50
forecasting,replay,4,3,smape,146.7985987663269,2026-05-06T15:46:50
forecasting,replay,4,3,rmse,3581.98095703125,2026-05-06T15:46:50
forecasting,replay,4,4,mase,5.814660405368488,2026-05-06T15:47:02
forecasting,replay,4,4,smape,149.19663667678833,2026-05-06T15:47:02
forecasting,replay,4,4,rmse,2692.414794921875,2026-05-06T15:47:02
forecasting,replay,5,1,mase,0.37886225616129754,2026-05-06T15:47:57
forecasting,replay,5,1,smape,31.920859217643738,2026-05-06T15:47:57
forecasting,replay,5,1,rmse,323.3245544433594,2026-05-06T15:47:57
forecasting,replay,5,2,mase,0.4172149638822738,2026-05-06T15:48:10
forecasting,replay,5,2,smape,43.43653619289398,2026-05-06T15:48:10
forecasting,replay,5,2,rmse,398.9602355957031,2026-05-06T15:48:10
forecasting,replay,5,3,mase,3.1603677016357827,2026-05-06T15:48:18
forecasting,replay,5,3,smape,126.68739557266235,2026-05-06T15:48:18
forecasting,replay,5,3,rmse,1466.0118408203125,2026-05-06T15:48:18
forecasting,replay,5,4,mase,1.2840018151577057,2026-05-06T15:48:31
forecasting,replay,5,4,smape,90.79490900039673,2026-05-06T15:48:31
forecasting,replay,5,4,rmse,709.2462768554688,2026-05-06T15:48:31
forecasting,replay,5,5,mase,4.06385146401174,2026-05-06T15:48:40
forecasting,replay,5,5,smape,133.63041877746582,2026-05-06T15:48:40
forecasting,replay,5,5,rmse,1776.548583984375,2026-05-06T15:48:40
forecasting,replay,6,1,mase,0.44010855369343505,2026-05-06T15:49:33
forecasting,replay,6,1,smape,41.52210056781769,2026-05-06T15:49:33
forecasting,replay,6,1,rmse,378.30584716796875,2026-05-06T15:49:33
forecasting,replay,6,2,mase,0.6207738939561831,2026-05-06T15:49:45
forecasting,replay,6,2,smape,54.695457220077515,2026-05-06T15:49:45
forecasting,replay,6,2,rmse,585.47607421875,2026-05-06T15:49:45
forecasting,replay,6,3,mase,3.7346215414335857,2026-05-06T15:49:55
forecasting,replay,6,3,smape,129.78501319885254,2026-05-06T15:49:55
forecasting,replay,6,3,rmse,1716.488525390625,2026-05-06T15:49:55
forecasting,replay,6,4,mase,1.696318959463102,2026-05-06T15:50:07
forecasting,replay,6,4,smape,97.37963080406189,2026-05-06T15:50:07
forecasting,replay,6,4,rmse,856.847412109375,2026-05-06T15:50:07
forecasting,replay,6,5,mase,4.258654983858246,2026-05-06T15:50:16
forecasting,replay,6,5,smape,130.93258142471313,2026-05-06T15:50:16
forecasting,replay,6,5,rmse,1903.525390625,2026-05-06T15:50:16
forecasting,replay,6,6,mase,2.1637042984706887,2026-05-06T15:50:28
forecasting,replay,6,6,smape,102.09965705871582,2026-05-06T15:50:28
forecasting,replay,6,6,rmse,1063.8682861328125,2026-05-06T15:50:28
forecasting,sdft,1,1,mase,0.8557127292751214,2026-05-06T15:51:10
forecasting,sdft,1,1,smape,65.5849039554596,2026-05-06T15:51:10
forecasting,sdft,1,1,rmse,429.5641784667969,2026-05-06T15:51:10
forecasting,sdft,2,1,mase,1.0388802551745162,2026-05-06T15:52:02
forecasting,sdft,2,1,smape,67.85813570022583,2026-05-06T15:52:02
forecasting,sdft,2,1,rmse,590.0444946289062,2026-05-06T15:52:02
forecasting,sdft,2,2,mase,5.082719390125578,2026-05-06T15:52:14
forecasting,sdft,2,2,smape,133.61291885375977,2026-05-06T15:52:14
forecasting,sdft,2,2,rmse,2442.09228515625,2026-05-06T15:52:14
forecasting,sdft,3,1,mase,1.0087753381354672,2026-05-06T15:53:38
forecasting,sdft,3,1,smape,66.69482588768005,2026-05-06T15:53:38
forecasting,sdft,3,1,rmse,576.08642578125,2026-05-06T15:53:38
forecasting,sdft,3,2,mase,5.039913802488917,2026-05-06T15:53:52
forecasting,sdft,3,2,smape,132.067608833313,2026-05-06T15:53:52
forecasting,sdft,3,2,rmse,2461.752197265625,2026-05-06T15:53:52
forecasting,sdft,3,3,mase,1.8950817999430194,2026-05-06T15:54:01
forecasting,sdft,3,3,smape,85.96636652946472,2026-05-06T15:54:01
forecasting,sdft,3,3,rmse,996.2749633789062,2026-05-06T15:54:01
forecasting,sdft,4,1,mase,1.0890749235556125,2026-05-06T15:54:45
forecasting,sdft,4,1,smape,68.28664541244507,2026-05-06T15:54:45
forecasting,sdft,4,1,rmse,636.4251708984375,2026-05-06T15:54:45
forecasting,sdft,4,2,mase,4.618216566403646,2026-05-06T15:54:58
forecasting,sdft,4,2,smape,128.49820852279663,2026-05-06T15:54:58
forecasting,sdft,4,2,rmse,2245.84130859375,2026-05-06T15:54:58
forecasting,sdft,4,3,mase,1.8633626900399625,2026-05-06T15:55:07
forecasting,sdft,4,3,smape,85.93973517417908,2026-05-06T15:55:07
forecasting,sdft,4,3,rmse,993.9812622070312,2026-05-06T15:55:07
forecasting,sdft,4,4,mase,4.351261838063221,2026-05-06T15:55:20
forecasting,sdft,4,4,smape,124.0389347076416,2026-05-06T15:55:20
forecasting,sdft,4,4,rmse,2099.880126953125,2026-05-06T15:55:20
forecasting,sdft,5,1,mase,1.1164727419106049,2026-05-06T15:56:00
forecasting,sdft,5,1,smape,68.39840412139893,2026-05-06T15:56:00
forecasting,sdft,5,1,rmse,669.0637817382812,2026-05-06T15:56:00
forecasting,sdft,5,2,mase,4.349410706115866,2026-05-06T15:56:11
forecasting,sdft,5,2,smape,127.2250771522522,2026-05-06T15:56:11
forecasting,sdft,5,2,rmse,2101.685302734375,2026-05-06T15:56:11
forecasting,sdft,5,3,mase,1.8838263948969884,2026-05-06T15:56:20
forecasting,sdft,5,3,smape,86.00329160690308,2026-05-06T15:56:20
forecasting,sdft,5,3,rmse,1013.0443115234375,2026-05-06T15:56:20
forecasting,sdft,5,4,mase,4.083452166206339,2026-05-06T15:56:32
forecasting,sdft,5,4,smape,122.48659133911133,2026-05-06T15:56:32
forecasting,sdft,5,4,rmse,1963.446533203125,2026-05-06T15:56:32
forecasting,sdft,5,5,mase,2.4757616181150195,2026-05-06T15:56:42
forecasting,sdft,5,5,smape,93.41033697128296,2026-05-06T15:56:42
forecasting,sdft,5,5,rmse,1268.6065673828125,2026-05-06T15:56:42
forecasting,sdft,6,1,mase,1.1390819675476513,2026-05-06T15:57:25
forecasting,sdft,6,1,smape,68.82391571998596,2026-05-06T15:57:25
forecasting,sdft,6,1,rmse,691.0507202148438,2026-05-06T15:57:25
forecasting,sdft,6,2,mase,3.935339385873631,2026-05-06T15:57:39
forecasting,sdft,6,2,smape,122.18364477157593,2026-05-06T15:57:39
forecasting,sdft,6,2,rmse,1909.0447998046875,2026-05-06T15:57:39
forecasting,sdft,6,3,mase,1.758638373895484,2026-05-06T15:57:48
forecasting,sdft,6,3,smape,84.62157845497131,2026-05-06T15:57:48
forecasting,sdft,6,3,rmse,967.4520263671875,2026-05-06T15:57:48
forecasting,sdft,6,4,mase,3.5660776580484703,2026-05-06T15:58:01
forecasting,sdft,6,4,smape,117.41597652435303,2026-05-06T15:58:01
forecasting,sdft,6,4,rmse,1715.455078125,2026-05-06T15:58:01
forecasting,sdft,6,5,mase,2.2902556897041073,2026-05-06T15:58:09
forecasting,sdft,6,5,smape,91.61674380302429,2026-05-06T15:58:09
forecasting,sdft,6,5,rmse,1192.2137451171875,2026-05-06T15:58:09
forecasting,sdft,6,6,mase,3.414304518567491,2026-05-06T15:58:21
forecasting,sdft,6,6,smape,113.69317770004272,2026-05-06T15:58:21
forecasting,sdft,6,6,rmse,1649.392822265625,2026-05-06T15:58:21
rl,naive,1,1,avg_episode_reward,5900.182236097908,2026-05-06T16:00:53
rl,naive,1,1,cumulative_profit,462044982.3902156,2026-05-06T16:00:53
rl,naive,1,1,pricing_regret,31.883263472243474,2026-05-06T16:00:53
rl,naive,2,1,avg_episode_reward,6039.151091957293,2026-05-06T16:03:30
rl,naive,2,1,cumulative_profit,479867317.9964063,2026-05-06T16:03:30
rl,naive,2,1,pricing_regret,31.781468155901337,2026-05-06T16:03:30
rl,naive,2,2,avg_episode_reward,7839.0262987316255,2026-05-06T16:03:38
rl,naive,2,2,cumulative_profit,478567765.1582432,2026-05-06T16:03:38
rl,naive,2,2,pricing_regret,21.77116540339013,2026-05-06T16:03:38
rl,naive,3,1,avg_episode_reward,6005.8436918254865,2026-05-06T16:06:20
rl,naive,3,1,cumulative_profit,454222000.3014191,2026-05-06T16:06:20
rl,naive,3,1,pricing_regret,31.805718646811965,2026-05-06T16:06:20
rl,naive,3,2,avg_episode_reward,7728.827096973041,2026-05-06T16:06:28
rl,naive,3,2,cumulative_profit,440932311.86005056,2026-05-06T16:06:28
rl,naive,3,2,pricing_regret,21.827827303571432,2026-05-06T16:06:28
rl,naive,3,3,avg_episode_reward,6109.279042346765,2026-05-06T16:06:34
rl,naive,3,3,cumulative_profit,507815856.81262213,2026-05-06T16:06:34
rl,naive,3,3,pricing_regret,35.108383205140456,2026-05-06T16:06:34
rl,naive,4,1,avg_episode_reward,6045.360793043337,2026-05-06T16:09:10
rl,naive,4,1,cumulative_profit,482714956.036102,2026-05-06T16:09:10
rl,naive,4,1,pricing_regret,31.77690705864301,2026-05-06T16:09:10
rl,naive,4,2,avg_episode_reward,7846.984699941267,2026-05-06T16:09:19
rl,naive,4,2,cumulative_profit,488088296.7694853,2026-05-06T16:09:19
rl,naive,4,2,pricing_regret,21.767045782017735,2026-05-06T16:09:19
rl,naive,4,3,avg_episode_reward,6140.602293468657,2026-05-06T16:09:24
rl,naive,4,3,cumulative_profit,534074088.0128133,2026-05-06T16:09:24
rl,naive,4,3,pricing_regret,35.08568327993671,2026-05-06T16:09:24
rl,naive,4,4,avg_episode_reward,7876.929549574663,2026-05-06T16:09:32
rl,naive,4,4,cumulative_profit,529017840.45790297,2026-05-06T16:09:32
rl,naive,4,4,pricing_regret,24.105426410771255,2026-05-06T16:09:32
rl,naive,5,1,avg_episode_reward,6038.492342804153,2026-05-06T16:12:15
rl,naive,5,1,cumulative_profit,466755024.9035378,2026-05-06T16:12:15
rl,naive,5,1,pricing_regret,31.781927526808417,2026-05-06T16:12:15
rl,naive,5,2,avg_episode_reward,7822.157649179469,2026-05-06T16:12:23
rl,naive,5,2,cumulative_profit,459335409.9906349,2026-05-06T16:12:23
rl,naive,5,2,pricing_regret,21.77982886667227,2026-05-06T16:12:23
rl,naive,5,3,avg_episode_reward,6133.103793223947,2026-05-06T16:12:29
rl,naive,5,3,cumulative_profit,520458990.4107316,2026-05-06T16:12:29
rl,naive,5,3,pricing_regret,35.09109830937478,2026-05-06T16:12:29
rl,naive,5,4,avg_episode_reward,7854.580848744578,2026-05-06T16:12:37
rl,naive,5,4,cumulative_profit,493371450.12235427,2026-05-06T16:12:37
rl,naive,5,4,pricing_regret,24.11688460089758,2026-05-06T16:12:37
rl,naive,5,5,avg_episode_reward,6058.135094034964,2026-05-06T16:12:43
rl,naive,5,5,cumulative_profit,549531579.6224897,2026-05-06T16:12:43
rl,naive,5,5,pricing_regret,38.343648162992245,2026-05-06T16:12:43
rl,naive,6,1,avg_episode_reward,6045.360793043337,2026-05-06T16:15:25
rl,naive,6,1,cumulative_profit,451857860.3069757,2026-05-06T16:15:25
rl,naive,6,1,pricing_regret,31.77690705864301,2026-05-06T16:15:25
rl,naive,6,2,avg_episode_reward,7846.984699941267,2026-05-06T16:15:33
rl,naive,6,2,cumulative_profit,427402913.24909985,2026-05-06T16:15:33
rl,naive,6,2,pricing_regret,21.767045782017735,2026-05-06T16:15:33
rl,naive,6,3,avg_episode_reward,6140.602293468657,2026-05-06T16:15:38
rl,naive,6,3,cumulative_profit,512634092.85326743,2026-05-06T16:15:38
rl,naive,6,3,pricing_regret,35.08568327993671,2026-05-06T16:15:38
rl,naive,6,4,avg_episode_reward,7876.929549574663,2026-05-06T16:15:46
rl,naive,6,4,cumulative_profit,457817701.3720872,2026-05-06T16:15:46
rl,naive,6,4,pricing_regret,24.105426410771255,2026-05-06T16:15:46
rl,naive,6,5,avg_episode_reward,6064.534694410329,2026-05-06T16:15:52
rl,naive,6,5,cumulative_profit,539129972.0613213,2026-05-06T16:15:52
rl,naive,6,5,pricing_regret,38.33898032848575,2026-05-06T16:15:52
rl,naive,6,6,avg_episode_reward,7937.5941027902645,2026-05-06T16:16:00
rl,naive,6,6,cumulative_profit,510318077.0247792,2026-05-06T16:16:00
rl,naive,6,6,pricing_regret,26.641744337111092,2026-05-06T16:16:00
rl,ewc,1,1,avg_episode_reward,5900.182236097908,2026-05-06T16:18:46
rl,ewc,1,1,cumulative_profit,462044982.3902156,2026-05-06T16:18:46
rl,ewc,1,1,pricing_regret,31.883263472243474,2026-05-06T16:18:46
rl,ewc,2,1,avg_episode_reward,5962.0203906402585,2026-05-06T16:21:33
rl,ewc,2,1,cumulative_profit,490385165.1053907,2026-05-06T16:21:33
rl,ewc,2,1,pricing_regret,31.837968896218456,2026-05-06T16:21:33
rl,ewc,2,2,avg_episode_reward,7776.283698352066,2026-05-06T16:21:41
rl,ewc,2,2,cumulative_profit,496771119.85528594,2026-05-06T16:21:41
rl,ewc,2,2,pricing_regret,21.80349899078815,2026-05-06T16:21:41
rl,ewc,3,1,avg_episode_reward,5948.530239255903,2026-05-06T16:24:25
rl,ewc,3,1,cumulative_profit,489758721.10071415,2026-05-06T16:24:25
rl,ewc,3,1,pricing_regret,31.84780934849188,2026-05-06T16:24:25
rl,ewc,3,2,avg_episode_reward,7737.295597498136,2026-05-06T16:24:32
rl,ewc,3,2,cumulative_profit,496001111.3487632,2026-05-06T16:24:32
rl,ewc,3,2,pricing_regret,21.82355562351502,2026-05-06T16:24:32
rl,ewc,3,3,avg_episode_reward,6055.8936408590325,2026-05-06T16:24:38
rl,ewc,3,3,cumulative_profit,538979131.0667325,2026-05-06T16:24:38
rl,ewc,3,3,pricing_regret,35.14732320664064,2026-05-06T16:24:38
rl,ewc,4,1,avg_episode_reward,5918.404487510683,2026-05-06T16:27:15
rl,ewc,4,1,cumulative_profit,465556249.92037034,2026-05-06T16:27:15
rl,ewc,4,1,pricing_regret,31.869861564900877,2026-05-06T16:27:15
rl,ewc,4,2,avg_episode_reward,7617.667041398422,2026-05-06T16:27:23
rl,ewc,4,2,cumulative_profit,465936089.1188877,2026-05-06T16:27:23
rl,ewc,4,2,pricing_regret,21.885235817823457,2026-05-06T16:27:23
rl,ewc,4,3,avg_episode_reward,6020.406189023781,2026-05-06T16:27:29
rl,ewc,4,3,cumulative_profit,512062928.36256623,2026-05-06T16:27:29
rl,ewc,4,3,pricing_regret,35.173105834546874,2026-05-06T16:27:29
rl,ewc,4,4,avg_episode_reward,7654.06534175185,2026-05-06T16:27:37
rl,ewc,4,4,cumulative_profit,509108030.8321078,2026-05-06T16:27:37
rl,ewc,4,4,pricing_regret,24.220185647070252,2026-05-06T16:27:37
rl,ewc,5,1,avg_episode_reward,5954.150989520648,2026-05-06T16:30:16
rl,ewc,5,1,cumulative_profit,476580973.0080302,2026-05-06T16:30:16
rl,ewc,5,1,pricing_regret,31.843559610978808,2026-05-06T16:30:16
rl,ewc,5,2,avg_episode_reward,7674.1595439304265,2026-05-06T16:30:24
rl,ewc,5,2,cumulative_profit,483452452.7571134,2026-05-06T16:30:24
rl,ewc,5,2,pricing_regret,21.855903723048208,2026-05-06T16:30:24
rl,ewc,5,3,avg_episode_reward,6054.061990209585,2026-05-06T16:30:29
rl,ewc,5,3,cumulative_profit,526823528.4829045,2026-05-06T16:30:29
rl,ewc,5,3,pricing_regret,35.148522775857316,2026-05-06T16:30:29
rl,ewc,5,4,avg_episode_reward,7706.7680438897905,2026-05-06T16:30:37
rl,ewc,5,4,cumulative_profit,526639336.4784624,2026-05-06T16:30:37
rl,ewc,5,4,pricing_regret,24.192821834952873,2026-05-06T16:30:37
rl,ewc,5,5,avg_episode_reward,5981.229941154101,2026-05-06T16:30:43
rl,ewc,5,5,cumulative_profit,566391011.8186783,2026-05-06T16:30:43
rl,ewc,5,5,pricing_regret,38.39983663918266,2026-05-06T16:30:43
rl,ewc,6,1,avg_episode_reward,5963.135440363885,2026-05-06T16:33:09
rl,ewc,6,1,cumulative_profit,477252836.0137771,2026-05-06T16:33:09
rl,ewc,6,1,pricing_regret,31.836919941352694,2026-05-06T16:33:09
rl,ewc,6,2,avg_episode_reward,7669.462393273343,2026-05-06T16:33:17
rl,ewc,6,2,cumulative_profit,471010921.1471913,2026-05-06T16:33:17
rl,ewc,6,2,pricing_regret,21.858314438493498,2026-05-06T16:33:17
rl,ewc,6,3,avg_episode_reward,6058.787340011606,2026-05-06T16:33:23
rl,ewc,6,3,cumulative_profit,525317165.47431415,2026-05-06T16:33:23
rl,ewc,6,3,pricing_regret,35.14502092125883,2026-05-06T16:33:23
rl,ewc,6,4,avg_episode_reward,7704.544894144992,2026-05-06T16:33:31
rl,ewc,6,4,cumulative_profit,517247001.4021015,2026-05-06T16:33:31
rl,ewc,6,4,pricing_regret,24.193939606687433,2026-05-06T16:33:31
rl,ewc,6,5,avg_episode_reward,5986.80994169083,2026-05-06T16:33:36
rl,ewc,6,5,cumulative_profit,562936717.7920117,2026-05-06T16:33:36
rl,ewc,6,5,pricing_regret,38.39570954184465,2026-05-06T16:33:36
rl,ewc,6,6,avg_episode_reward,7775.003995899979,2026-05-06T16:33:45
rl,ewc,6,6,cumulative_profit,565961474.5210416,2026-05-06T16:33:45
rl,ewc,6,6,pricing_regret,26.725407868967757,2026-05-06T16:33:45
rl,recall,1,1,avg_episode_reward,5900.182236097908,2026-05-06T16:36:26
rl,recall,1,1,cumulative_profit,462044982.3902156,2026-05-06T16:36:26
rl,recall,1,1,pricing_regret,31.883263472243474,2026-05-06T16:36:26
rl,recall,2,1,avg_episode_reward,5968.229589900211,2026-05-06T16:38:55
rl,recall,2,1,cumulative_profit,467170463.4184212,2026-05-06T16:38:55
rl,recall,2,1,pricing_regret,31.833302264787303,2026-05-06T16:38:55
rl,recall,2,2,avg_episode_reward,7691.730694780532,2026-05-06T16:39:03
rl,recall,2,2,cumulative_profit,489345594.3036639,2026-05-06T16:39:03
rl,recall,2,2,pricing_regret,21.846912683768764,2026-05-06T16:39:03
rl,recall,3,1,avg_episode_reward,5930.507688244434,2026-05-06T16:41:29
rl,recall,3,1,cumulative_profit,445051837.288752,2026-05-06T16:41:29
rl,recall,3,1,pricing_regret,31.860912462965974,2026-05-06T16:41:29
rl,recall,3,2,avg_episode_reward,7670.389994207183,2026-05-06T16:41:37
rl,recall,3,2,cumulative_profit,486272822.7784222,2026-05-06T16:41:37
rl,recall,3,2,pricing_regret,21.857834230876318,2026-05-06T16:41:37
rl,recall,3,3,avg_episode_reward,6030.488689224825,2026-05-06T16:41:42
rl,recall,3,3,cumulative_profit,492003790.73341024,2026-05-06T16:41:42
rl,recall,3,3,pricing_regret,35.16571049044341,2026-05-06T16:41:42
rl,recall,4,1,avg_episode_reward,5985.780391180999,2026-05-06T16:44:18
rl,recall,4,1,cumulative_profit,423194080.62680024,2026-05-06T16:44:18
rl,recall,4,1,pricing_regret,31.820398737768905,2026-05-06T16:44:18
rl,recall,4,2,avg_episode_reward,7675.415994907943,2026-05-06T16:44:26
rl,recall,4,2,cumulative_profit,466739819.6012581,2026-05-06T16:44:26
rl,recall,4,2,pricing_regret,21.85524244442004,2026-05-06T16:44:26
rl,recall,4,3,avg_episode_reward,6077.575391168213,2026-05-06T16:44:32
rl,recall,4,3,cumulative_profit,471937010.1031692,2026-05-06T16:44:32
rl,recall,4,3,pricing_regret,35.13146045649293,2026-05-06T16:44:32
rl,recall,4,4,avg_episode_reward,7707.735494505296,2026-05-06T16:44:40
rl,recall,4,4,cumulative_profit,505318910.2805369,2026-05-06T16:44:40
rl,recall,4,4,pricing_regret,24.192297763600134,2026-05-06T16:44:40
rl,recall,5,1,avg_episode_reward,5959.936689330481,2026-05-06T16:47:28
rl,recall,5,1,cumulative_profit,428340359.1409321,2026-05-06T16:47:28
rl,recall,5,1,pricing_regret,31.839288353685586,2026-05-06T16:47:28
rl,recall,5,2,avg_episode_reward,7672.1346945470705,2026-05-06T16:47:36
rl,recall,5,2,cumulative_profit,457325143.4770212,2026-05-06T16:47:36
rl,recall,5,2,pricing_regret,21.8569330319697,2026-05-06T16:47:36
rl,recall,5,3,avg_episode_reward,6057.827240365039,2026-05-06T16:47:42
rl,recall,5,3,cumulative_profit,479223829.6117353,2026-05-06T16:47:42
rl,recall,5,3,pricing_regret,35.14574786554498,2026-05-06T16:47:42
rl,recall,5,4,avg_episode_reward,7704.841894153006,2026-05-06T16:47:50
rl,recall,5,4,cumulative_profit,494215057.63649774,2026-05-06T16:47:50
rl,recall,5,4,pricing_regret,24.19378618007298,2026-05-06T16:47:50
rl,recall,5,5,avg_episode_reward,5986.559891979219,2026-05-06T16:47:55
rl,recall,5,5,cumulative_profit,507745714.3737397,2026-05-06T16:47:55
rl,recall,5,5,pricing_regret,38.39590202636778,2026-05-06T16:47:55
rl,recall,6,1,avg_episode_reward,5973.632190443613,2026-05-06T16:50:14
rl,recall,6,1,cumulative_profit,418293020.0646879,2026-05-06T16:50:14
rl,recall,6,1,pricing_regret,31.829276983458605,2026-05-06T16:50:14
rl,recall,6,2,avg_episode_reward,7731.707496747016,2026-05-06T16:50:22
rl,recall,6,2,cumulative_profit,461720480.5525634,2026-05-06T16:50:22
rl,recall,6,2,pricing_regret,21.82636916402454,2026-05-06T16:50:22
rl,recall,6,3,avg_episode_reward,6063.051540924652,2026-05-06T16:50:28
rl,recall,6,3,cumulative_profit,468928344.0238216,2026-05-06T16:50:28
rl,recall,6,3,pricing_regret,35.141970319581326,2026-05-06T16:50:28
rl,recall,6,4,avg_episode_reward,7758.6399963128915,2026-05-06T16:50:36
rl,recall,6,4,cumulative_profit,498878439.714642,2026-05-06T16:50:36
rl,recall,6,4,pricing_regret,24.16621890969094,2026-05-06T16:50:36
rl,recall,6,5,avg_episode_reward,5991.966642258269,2026-05-06T16:50:42
rl,recall,6,5,cumulative_profit,490264196.75244945,2026-05-06T16:50:42
rl,recall,6,5,pricing_regret,38.391981222396126,2026-05-06T16:50:42
rl,recall,6,6,avg_episode_reward,7818.012449122631,2026-05-06T16:50:50
rl,recall,6,6,cumulative_profit,544935922.2985098,2026-05-06T16:50:50
rl,recall,6,6,pricing_regret,26.703297144053938,2026-05-06T16:50:50
rl,sdft,1,1,avg_episode_reward,5900.182236097908,2026-05-06T16:53:35
rl,sdft,1,1,cumulative_profit,462044982.3902156,2026-05-06T16:53:35
rl,sdft,1,1,pricing_regret,31.883263472243474,2026-05-06T16:53:35
rl,sdft,2,1,avg_episode_reward,5948.757088926699,2026-05-06T16:56:18
rl,sdft,2,1,cumulative_profit,455582955.3077667,2026-05-06T16:56:18
rl,sdft,2,1,pricing_regret,31.847600257348088,2026-05-06T16:56:18
rl,sdft,2,2,avg_episode_reward,7552.338839506713,2026-05-06T16:56:25
rl,sdft,2,2,cumulative_profit,443332646.37664837,2026-05-06T16:56:25
rl,sdft,2,2,pricing_regret,21.919216880279677,2026-05-06T16:56:25
rl,sdft,3,1,avg_episode_reward,5982.633590872195,2026-05-06T16:59:01
rl,sdft,3,1,cumulative_profit,462667601.87897015,2026-05-06T16:59:01
rl,sdft,3,1,pricing_regret,31.82276030066311,2026-05-06T16:59:01
rl,sdft,3,2,avg_episode_reward,7561.566889623631,2026-05-06T16:59:09
rl,sdft,3,2,cumulative_profit,438998327.3507237,2026-05-06T16:59:09
rl,sdft,3,2,pricing_regret,21.91444520694528,2026-05-06T16:59:09
rl,sdft,3,3,avg_episode_reward,6085.743241722867,2026-05-06T16:59:15
rl,sdft,3,3,cumulative_profit,513159018.34917474,2026-05-06T16:59:15
rl,sdft,3,3,pricing_regret,35.12552358326931,2026-05-06T16:59:15
rl,sdft,4,1,avg_episode_reward,5971.430389857866,2026-05-06T17:01:55
rl,sdft,4,1,cumulative_profit,469471384.454089,2026-05-06T17:01:55
rl,sdft,4,1,pricing_regret,31.83094623570228,2026-05-06T17:01:55
rl,sdft,4,2,avg_episode_reward,7570.414840745727,2026-05-06T17:02:03
rl,sdft,4,2,cumulative_profit,446426554.9114253,2026-05-06T17:02:03
rl,sdft,4,2,pricing_regret,21.90984506545224,2026-05-06T17:02:03
rl,sdft,4,3,avg_episode_reward,6072.754990898129,2026-05-06T17:02:09
rl,sdft,4,3,cumulative_profit,514618067.86544794,2026-05-06T17:02:09
rl,sdft,4,3,pricing_regret,35.13495884317556,2026-05-06T17:02:09
rl,sdft,4,4,avg_episode_reward,7604.294990524102,2026-05-06T17:02:17
rl,sdft,4,4,cumulative_profit,482244281.05241257,2026-05-06T17:02:17
rl,sdft,4,4,pricing_regret,24.246074258300496,2026-05-06T17:02:17
rl,sdft,5,1,avg_episode_reward,5983.304290727427,2026-05-06T17:04:55
rl,sdft,5,1,cumulative_profit,475113007.49486405,2026-05-06T17:04:55
rl,sdft,5,1,pricing_regret,31.822253264447745,2026-05-06T17:04:55
rl,sdft,5,2,avg_episode_reward,7588.226942212479,2026-05-06T17:05:03
rl,sdft,5,2,cumulative_profit,458209987.55054134,2026-05-06T17:05:03
rl,sdft,5,2,pricing_regret,21.900659142038563,2026-05-06T17:05:03
rl,sdft,5,3,avg_episode_reward,6088.2283914257,2026-05-06T17:05:09
rl,sdft,5,3,cumulative_profit,522147982.43931,2026-05-06T17:05:09
rl,sdft,5,3,pricing_regret,35.123705756038525,2026-05-06T17:05:09
rl,sdft,5,4,avg_episode_reward,7617.826741230965,2026-05-06T17:05:17
rl,sdft,5,4,cumulative_profit,495094772.20066124,2026-05-06T17:05:17
rl,sdft,5,4,pricing_regret,24.23912058588314,2026-05-06T17:05:17
rl,sdft,5,5,avg_episode_reward,6008.600392365077,2026-05-06T17:05:22
rl,sdft,5,5,cumulative_profit,563936511.7982258,2026-05-06T17:05:22
rl,sdft,5,5,pricing_regret,38.379852114479384,2026-05-06T17:05:22
rl,sdft,6,1,avg_episode_reward,6025.807992269334,2026-05-06T17:07:59
rl,sdft,6,1,cumulative_profit,484436339.56499314,2026-05-06T17:07:59
rl,sdft,6,1,pricing_regret,31.79112889356101,2026-05-06T17:07:59
rl,sdft,6,2,avg_episode_reward,7768.381947384453,2026-05-06T17:08:07
rl,sdft,6,2,cumulative_profit,471024666.160727,2026-05-06T17:08:07
rl,sdft,6,2,pricing_regret,21.807509932349458,2026-05-06T17:08:07
rl,sdft,6,3,avg_episode_reward,6124.733192946811,2026-05-06T17:08:13
rl,sdft,6,3,cumulative_profit,533929257.03454757,2026-05-06T17:08:13
rl,sdft,6,3,pricing_regret,35.09715484057531,2026-05-06T17:08:13
rl,sdft,6,4,avg_episode_reward,7795.338496699909,2026-05-06T17:08:21
rl,sdft,6,4,cumulative_profit,511820034.3621699,2026-05-06T17:08:21
rl,sdft,6,4,pricing_regret,24.147405233752448,2026-05-06T17:08:21
rl,sdft,6,5,avg_episode_reward,6048.477243894393,2026-05-06T17:08:26
rl,sdft,6,5,cumulative_profit,573652605.3711965,2026-05-06T17:08:26
rl,sdft,6,5,pricing_regret,38.35064899531119,2026-05-06T17:08:26
rl,sdft,6,6,avg_episode_reward,7859.283300422477,2026-05-06T17:08:34
rl,sdft,6,6,cumulative_profit,559835977.9737647,2026-05-06T17:08:34
rl,sdft,6,6,pricing_regret,26.68208448235305,2026-05-06T17:08:34
