model_type,cl_method,train_task_id,eval_task_id,eval_phase,metric_name,metric_value,timestamp
forecasting,naive,1,1,seen,mase,0.6321552175611848,2026-06-04T21:36:32
forecasting,naive,1,1,seen,smape,55.40038347244263,2026-06-04T21:36:32
forecasting,naive,1,1,seen,rmse,319.9671936035156,2026-06-04T21:36:32
forecasting,naive,1,2,future,mase,10.761970791478701,2026-06-04T21:36:44
forecasting,naive,1,2,future,smape,104.67441082000732,2026-06-04T21:36:44
forecasting,naive,1,2,future,rmse,628.3880004882812,2026-06-04T21:36:44
forecasting,naive,1,3,future,mase,0.9906400039612905,2026-06-04T21:36:53
forecasting,naive,1,3,future,smape,69.60992217063904,2026-06-04T21:36:53
forecasting,naive,1,3,future,rmse,563.5545043945312,2026-06-04T21:36:53
forecasting,naive,1,4,future,mase,12.191699330740029,2026-06-04T21:37:05
forecasting,naive,1,4,future,smape,106.76429271697998,2026-06-04T21:37:05
forecasting,naive,1,4,future,rmse,701.0785522460938,2026-06-04T21:37:05
forecasting,naive,1,5,future,mase,1.5129408365011872,2026-06-04T21:37:13
forecasting,naive,1,5,future,smape,83.24708342552185,2026-06-04T21:37:13
forecasting,naive,1,5,future,rmse,850.28662109375,2026-06-04T21:37:13
forecasting,naive,1,6,future,mase,11.742833307131837,2026-06-04T21:37:24
forecasting,naive,1,6,future,smape,112.112557888031,2026-06-04T21:37:24
forecasting,naive,1,6,future,rmse,834.3472900390625,2026-06-04T21:37:24
forecasting,naive,2,1,seen,mase,1.405199380944782,2026-06-04T21:39:42
forecasting,naive,2,1,seen,smape,74.98912811279297,2026-06-04T21:39:42
forecasting,naive,2,1,seen,rmse,1037.0042724609375,2026-06-04T21:39:42
forecasting,naive,2,2,seen,mase,19.950274843056327,2026-06-04T21:39:53
forecasting,naive,2,2,seen,smape,126.01475715637207,2026-06-04T21:39:53
forecasting,naive,2,2,seen,rmse,1530.2222900390625,2026-06-04T21:39:53
forecasting,naive,2,3,future,mase,1.6833531060529834,2026-06-04T21:40:02
forecasting,naive,2,3,future,smape,93.52929592132568,2026-06-04T21:40:02
forecasting,naive,2,3,future,rmse,1078.852294921875,2026-06-04T21:40:02
forecasting,naive,2,4,future,mase,24.808353070572053,2026-06-04T21:40:13
forecasting,naive,2,4,future,smape,132.94838666915894,2026-06-04T21:40:13
forecasting,naive,2,4,future,rmse,1808.4183349609375,2026-06-04T21:40:13
forecasting,naive,2,5,future,mase,2.7090273369384033,2026-06-04T21:40:21
forecasting,naive,2,5,future,smape,110.95978021621704,2026-06-04T21:40:21
forecasting,naive,2,5,future,rmse,1610.36474609375,2026-06-04T21:40:21
forecasting,naive,2,6,future,mase,26.78594908323157,2026-06-04T21:40:31
forecasting,naive,2,6,future,smape,137.2820019721985,2026-06-04T21:40:31
forecasting,naive,2,6,future,rmse,2473.2509765625,2026-06-04T21:40:31
forecasting,naive,3,1,seen,mase,0.5113637142716391,2026-06-04T21:43:22
forecasting,naive,3,1,seen,smape,43.879687786102295,2026-06-04T21:43:22
forecasting,naive,3,1,seen,rmse,384.0309753417969,2026-06-04T21:43:22
forecasting,naive,3,2,seen,mase,4.6774824829971,2026-06-04T21:43:33
forecasting,naive,3,2,seen,smape,73.58925342559814,2026-06-04T21:43:33
forecasting,naive,3,2,seen,rmse,343.0567932128906,2026-06-04T21:43:33
forecasting,naive,3,3,seen,mase,0.6293291448634718,2026-06-04T21:43:41
forecasting,naive,3,3,seen,smape,50.3822386264801,2026-06-04T21:43:41
forecasting,naive,3,3,seen,rmse,440.6766662597656,2026-06-04T21:43:41
forecasting,naive,3,4,future,mase,5.104624622231164,2026-06-04T21:43:53
forecasting,naive,3,4,future,smape,72.99367189407349,2026-06-04T21:43:53
forecasting,naive,3,4,future,rmse,343.1484375,2026-06-04T21:43:53
forecasting,naive,3,5,future,mase,0.8690564769995502,2026-06-04T21:44:01
forecasting,naive,3,5,future,smape,60.155606269836426,2026-06-04T21:44:01
forecasting,naive,3,5,future,rmse,611.9031982421875,2026-06-04T21:44:01
forecasting,naive,3,6,future,mase,5.092325905604196,2026-06-04T21:44:12
forecasting,naive,3,6,future,smape,79.9347996711731,2026-06-04T21:44:12
forecasting,naive,3,6,future,rmse,436.2663879394531,2026-06-04T21:44:12
forecasting,naive,4,1,seen,mase,1.2054714912498443,2026-06-04T21:48:12
forecasting,naive,4,1,seen,smape,72.00531363487244,2026-06-04T21:48:12
forecasting,naive,4,1,seen,rmse,954.045166015625,2026-06-04T21:48:12
forecasting,naive,4,2,seen,mase,18.93547866577965,2026-06-04T21:48:23
forecasting,naive,4,2,seen,smape,116.19924306869507,2026-06-04T21:48:23
forecasting,naive,4,2,seen,rmse,1777.9984130859375,2026-06-04T21:48:23
forecasting,naive,4,3,seen,mase,2.0188516897105124,2026-06-04T21:48:33
forecasting,naive,4,3,seen,smape,92.5957977771759,2026-06-04T21:48:33
forecasting,naive,4,3,seen,rmse,1433.8133544921875,2026-06-04T21:48:33
forecasting,naive,4,4,seen,mase,41.784587496147275,2026-06-04T21:48:44
forecasting,naive,4,4,seen,smape,140.666663646698,2026-06-04T21:48:44
forecasting,naive,4,4,seen,rmse,3371.8681640625,2026-06-04T21:48:44
forecasting,naive,4,5,future,mase,5.754074350214277,2026-06-04T21:48:53
forecasting,naive,4,5,future,smape,132.23943710327148,2026-06-04T21:48:53
forecasting,naive,4,5,future,rmse,3298.785888671875,2026-06-04T21:48:53
forecasting,naive,4,6,future,mase,65.36501026146884,2026-06-04T21:49:05
forecasting,naive,4,6,future,smape,162.15544939041138,2026-06-04T21:49:05
forecasting,naive,4,6,future,rmse,5658.7880859375,2026-06-04T21:49:05
forecasting,naive,5,1,seen,mase,0.5517155323919881,2026-06-04T21:50:58
forecasting,naive,5,1,seen,smape,37.61671483516693,2026-06-04T21:50:58
forecasting,naive,5,1,seen,rmse,396.3868713378906,2026-06-04T21:50:58
forecasting,naive,5,2,seen,mase,4.692524059512004,2026-06-04T21:51:08
forecasting,naive,5,2,seen,smape,70.40025591850281,2026-06-04T21:51:08
forecasting,naive,5,2,seen,rmse,324.310302734375,2026-06-04T21:51:08
forecasting,naive,5,3,seen,mase,0.9396333476594269,2026-06-04T21:51:16
forecasting,naive,5,3,seen,smape,55.88470697402954,2026-06-04T21:51:16
forecasting,naive,5,3,seen,rmse,734.5389404296875,2026-06-04T21:51:16
forecasting,naive,5,4,seen,mase,7.174539997278626,2026-06-04T21:51:27
forecasting,naive,5,4,seen,smape,89.7559106349945,2026-06-04T21:51:27
forecasting,naive,5,4,seen,rmse,455.49932861328125,2026-06-04T21:51:27
forecasting,naive,5,5,seen,mase,1.3278167335720656,2026-06-04T21:51:34
forecasting,naive,5,5,seen,smape,72.73143529891968,2026-06-04T21:51:34
forecasting,naive,5,5,seen,rmse,979.6055297851562,2026-06-04T21:51:34
forecasting,naive,5,6,future,mase,7.854219009069175,2026-06-04T21:51:45
forecasting,naive,5,6,future,smape,104.65785264968872,2026-06-04T21:51:45
forecasting,naive,5,6,future,rmse,606.4541625976562,2026-06-04T21:51:45
forecasting,naive,6,1,seen,mase,0.99282254885635,2026-06-04T21:53:11
forecasting,naive,6,1,seen,smape,67.973393201828,2026-06-04T21:53:11
forecasting,naive,6,1,seen,rmse,656.3396606445312,2026-06-04T21:53:11
forecasting,naive,6,2,seen,mase,19.669795318228275,2026-06-04T21:53:22
forecasting,naive,6,2,seen,smape,122.27458953857422,2026-06-04T21:53:22
forecasting,naive,6,2,seen,rmse,1880.5728759765625,2026-06-04T21:53:22
forecasting,naive,6,3,seen,mase,2.1337158785625707,2026-06-04T21:53:29
forecasting,naive,6,3,seen,smape,98.01033139228821,2026-06-04T21:53:29
forecasting,naive,6,3,seen,rmse,1459.1593017578125,2026-06-04T21:53:29
forecasting,naive,6,4,seen,mase,36.627703965042585,2026-06-04T21:53:40
forecasting,naive,6,4,seen,smape,149.1059422492981,2026-06-04T21:53:40
forecasting,naive,6,4,seen,rmse,2808.792724609375,2026-06-04T21:53:40
forecasting,naive,6,5,seen,mase,4.191698900800031,2026-06-04T21:53:47
forecasting,naive,6,5,seen,smape,128.6037564277649,2026-06-04T21:53:47
forecasting,naive,6,5,seen,rmse,2363.530029296875,2026-06-04T21:53:47
forecasting,naive,6,6,seen,mase,48.46707748475608,2026-06-04T21:53:58
forecasting,naive,6,6,seen,smape,159.92096662521362,2026-06-04T21:53:58
forecasting,naive,6,6,seen,rmse,4161.78955078125,2026-06-04T21:53:58
forecasting,ewc,1,1,seen,mase,0.6837739159290429,2026-06-04T21:56:03
forecasting,ewc,1,1,seen,smape,56.65541887283325,2026-06-04T21:56:03
forecasting,ewc,1,1,seen,rmse,341.1722106933594,2026-06-04T21:56:03
forecasting,ewc,1,2,future,mase,6.844376914483218,2026-06-04T21:56:13
forecasting,ewc,1,2,future,smape,85.07762551307678,2026-06-04T21:56:13
forecasting,ewc,1,2,future,rmse,418.0386962890625,2026-06-04T21:56:13
forecasting,ewc,1,3,future,mase,0.9435519969895173,2026-06-04T21:56:21
forecasting,ewc,1,3,future,smape,70.50685286521912,2026-06-04T21:56:21
forecasting,ewc,1,3,future,rmse,526.67724609375,2026-06-04T21:56:21
forecasting,ewc,1,4,future,mase,7.1614299058918265,2026-06-04T21:56:32
forecasting,ewc,1,4,future,smape,82.18627572059631,2026-06-04T21:56:32
forecasting,ewc,1,4,future,rmse,453.3365173339844,2026-06-04T21:56:32
forecasting,ewc,1,5,future,mase,1.0515125427264165,2026-06-04T21:56:39
forecasting,ewc,1,5,future,smape,71.49798274040222,2026-06-04T21:56:39
forecasting,ewc,1,5,future,rmse,584.4259033203125,2026-06-04T21:56:39
forecasting,ewc,1,6,future,mase,5.75136916842046,2026-06-04T21:56:49
forecasting,ewc,1,6,future,smape,78.84308099746704,2026-06-04T21:56:49
forecasting,ewc,1,6,future,rmse,459.1372985839844,2026-06-04T21:56:49
forecasting,ewc,2,1,seen,mase,0.7560750294461409,2026-06-04T21:59:38
forecasting,ewc,2,1,seen,smape,59.8717987537384,2026-06-04T21:59:38
forecasting,ewc,2,1,seen,rmse,364.1649169921875,2026-06-04T21:59:38
forecasting,ewc,2,2,seen,mase,8.154586000250081,2026-06-04T21:59:49
forecasting,ewc,2,2,seen,smape,89.90603685379028,2026-06-04T21:59:49
forecasting,ewc,2,2,seen,rmse,508.295654296875,2026-06-04T21:59:49
forecasting,ewc,2,3,future,mase,1.1015706097652078,2026-06-04T21:59:56
forecasting,ewc,2,3,future,smape,75.29533505439758,2026-06-04T21:59:56
forecasting,ewc,2,3,future,rmse,598.0748901367188,2026-06-04T21:59:56
forecasting,ewc,2,4,future,mase,8.994564083787562,2026-06-04T22:00:07
forecasting,ewc,2,4,future,smape,88.35124373435974,2026-06-04T22:00:07
forecasting,ewc,2,4,future,rmse,575.0851440429688,2026-06-04T22:00:07
forecasting,ewc,2,5,future,mase,1.231216427925116,2026-06-04T22:00:14
forecasting,ewc,2,5,future,smape,76.4552354812622,2026-06-04T22:00:14
forecasting,ewc,2,5,future,rmse,662.6040649414062,2026-06-04T22:00:14
forecasting,ewc,2,6,future,mase,7.3363533965811225,2026-06-04T22:00:25
forecasting,ewc,2,6,future,smape,85.76952815055847,2026-06-04T22:00:25
forecasting,ewc,2,6,future,rmse,589.7261962890625,2026-06-04T22:00:25
forecasting,ewc,3,1,seen,mase,0.6170440845977121,2026-06-04T22:02:16
forecasting,ewc,3,1,seen,smape,58.42046141624451,2026-06-04T22:02:16
forecasting,ewc,3,1,seen,rmse,339.0121154785156,2026-06-04T22:02:16
forecasting,ewc,3,2,seen,mase,4.809341870705314,2026-06-04T22:02:28
forecasting,ewc,3,2,seen,smape,74.31786060333252,2026-06-04T22:02:28
forecasting,ewc,3,2,seen,rmse,295.6397705078125,2026-06-04T22:02:28
forecasting,ewc,3,3,seen,mase,0.76987626828234,2026-06-04T22:02:36
forecasting,ewc,3,3,seen,smape,64.73863124847412,2026-06-04T22:02:36
forecasting,ewc,3,3,seen,rmse,453.05908203125,2026-06-04T22:02:36
forecasting,ewc,3,4,future,mase,5.908140261185726,2026-06-04T22:02:47
forecasting,ewc,3,4,future,smape,77.27216482162476,2026-06-04T22:02:47
forecasting,ewc,3,4,future,rmse,369.5053405761719,2026-06-04T22:02:47
forecasting,ewc,3,5,future,mase,0.8577044923300504,2026-06-04T22:02:55
forecasting,ewc,3,5,future,smape,66.93736910820007,2026-06-04T22:02:55
forecasting,ewc,3,5,future,rmse,467.7466735839844,2026-06-04T22:02:55
forecasting,ewc,3,6,future,mase,4.7703635066181125,2026-06-04T22:03:05
forecasting,ewc,3,6,future,smape,74.2604672908783,2026-06-04T22:03:05
forecasting,ewc,3,6,future,rmse,374.6607971191406,2026-06-04T22:03:05
forecasting,ewc,4,1,seen,mase,0.6489801792059708,2026-06-04T22:05:45
forecasting,ewc,4,1,seen,smape,57.80050754547119,2026-06-04T22:05:45
forecasting,ewc,4,1,seen,rmse,352.3521728515625,2026-06-04T22:05:45
forecasting,ewc,4,2,seen,mase,5.981349475052048,2026-06-04T22:05:56
forecasting,ewc,4,2,seen,smape,80.93695044517517,2026-06-04T22:05:56
forecasting,ewc,4,2,seen,rmse,370.476806640625,2026-06-04T22:05:56
forecasting,ewc,4,3,seen,mase,0.9025193316767249,2026-06-04T22:06:03
forecasting,ewc,4,3,seen,smape,69.9348509311676,2026-06-04T22:06:03
forecasting,ewc,4,3,seen,rmse,504.5323181152344,2026-06-04T22:06:03
forecasting,ewc,4,4,seen,mase,7.510281986270209,2026-06-04T22:06:14
forecasting,ewc,4,4,seen,smape,83.99844765663147,2026-06-04T22:06:14
forecasting,ewc,4,4,seen,rmse,474.7333679199219,2026-06-04T22:06:14
forecasting,ewc,4,5,future,mase,1.0116624647731856,2026-06-04T22:06:22
forecasting,ewc,4,5,future,smape,72.05582857131958,2026-06-04T22:06:22
forecasting,ewc,4,5,future,rmse,531.3359375,2026-06-04T22:06:22
forecasting,ewc,4,6,future,mase,6.217849485155281,2026-06-04T22:06:33
forecasting,ewc,4,6,future,smape,81.68759346008301,2026-06-04T22:06:33
forecasting,ewc,4,6,future,rmse,493.3831481933594,2026-06-04T22:06:33
forecasting,ewc,5,1,seen,mase,0.6408586766008669,2026-06-04T22:08:29
forecasting,ewc,5,1,seen,smape,56.54670596122742,2026-06-04T22:08:29
forecasting,ewc,5,1,seen,rmse,398.3189392089844,2026-06-04T22:08:29
forecasting,ewc,5,2,seen,mase,4.566797015059324,2026-06-04T22:08:39
forecasting,ewc,5,2,seen,smape,71.79298400878906,2026-06-04T22:08:39
forecasting,ewc,5,2,seen,rmse,295.2645568847656,2026-06-04T22:08:39
forecasting,ewc,5,3,seen,mase,0.8064714194261264,2026-06-04T22:08:47
forecasting,ewc,5,3,seen,smape,65.2554452419281,2026-06-04T22:08:47
forecasting,ewc,5,3,seen,rmse,484.701904296875,2026-06-04T22:08:47
forecasting,ewc,5,4,seen,mase,5.84397907124568,2026-06-04T22:08:57
forecasting,ewc,5,4,seen,smape,75.59601664543152,2026-06-04T22:08:57
forecasting,ewc,5,4,seen,rmse,380.4480285644531,2026-06-04T22:08:57
forecasting,ewc,5,5,seen,mase,0.8421604641136055,2026-06-04T22:09:04
forecasting,ewc,5,5,seen,smape,66.3794994354248,2026-06-04T22:09:04
forecasting,ewc,5,5,seen,rmse,452.08331298828125,2026-06-04T22:09:04
forecasting,ewc,5,6,future,mase,4.825069518333466,2026-06-04T22:09:14
forecasting,ewc,5,6,future,smape,73.37148189544678,2026-06-04T22:09:14
forecasting,ewc,5,6,future,rmse,388.72320556640625,2026-06-04T22:09:14
forecasting,ewc,6,1,seen,mase,0.6593017960614705,2026-06-04T22:11:38
forecasting,ewc,6,1,seen,smape,55.64742684364319,2026-06-04T22:11:38
forecasting,ewc,6,1,seen,rmse,405.1827087402344,2026-06-04T22:11:38
forecasting,ewc,6,2,seen,mase,5.492015733547231,2026-06-04T22:11:48
forecasting,ewc,6,2,seen,smape,77.21477150917053,2026-06-04T22:11:48
forecasting,ewc,6,2,seen,rmse,357.1591796875,2026-06-04T22:11:48
forecasting,ewc,6,3,seen,mase,0.9133114506946387,2026-06-04T22:11:55
forecasting,ewc,6,3,seen,smape,69.34377551078796,2026-06-04T22:11:55
forecasting,ewc,6,3,seen,rmse,526.719970703125,2026-06-04T22:11:55
forecasting,ewc,6,4,seen,mase,7.08577089459642,2026-06-04T22:12:06
forecasting,ewc,6,4,seen,smape,81.00489974021912,2026-06-04T22:12:06
forecasting,ewc,6,4,seen,rmse,462.32568359375,2026-06-04T22:12:06
forecasting,ewc,6,5,seen,mase,0.9689466211333638,2026-06-04T22:12:13
forecasting,ewc,6,5,seen,smape,70.45403122901917,2026-06-04T22:12:13
forecasting,ewc,6,5,seen,rmse,507.3545837402344,2026-06-04T22:12:13
forecasting,ewc,6,6,seen,mase,5.987338956205788,2026-06-04T22:12:23
forecasting,ewc,6,6,seen,smape,78.9122462272644,2026-06-04T22:12:23
forecasting,ewc,6,6,seen,rmse,487.13897705078125,2026-06-04T22:12:23
forecasting,replay,1,1,seen,mase,0.5307674019518094,2026-06-04T22:14:57
forecasting,replay,1,1,seen,smape,50.00863075256348,2026-06-04T22:14:57
forecasting,replay,1,1,seen,rmse,280.8103332519531,2026-06-04T22:14:57
forecasting,replay,1,2,future,mase,7.409776771838266,2026-06-04T22:15:08
forecasting,replay,1,2,future,smape,87.80303001403809,2026-06-04T22:15:08
forecasting,replay,1,2,future,rmse,445.84503173828125,2026-06-04T22:15:08
forecasting,replay,1,3,future,mase,1.2104699584206415,2026-06-04T22:15:16
forecasting,replay,1,3,future,smape,80.86806535720825,2026-06-04T22:15:16
forecasting,replay,1,3,future,rmse,599.7970581054688,2026-06-04T22:15:16
forecasting,replay,1,4,future,mase,8.233286622391716,2026-06-04T22:15:26
forecasting,replay,1,4,future,smape,89.21515941619873,2026-06-04T22:15:26
forecasting,replay,1,4,future,rmse,498.2884216308594,2026-06-04T22:15:26
forecasting,replay,1,5,future,mase,1.2481349052306512,2026-06-04T22:15:33
forecasting,replay,1,5,future,smape,79.83251810073853,2026-06-04T22:15:33
forecasting,replay,1,5,future,rmse,651.6312255859375,2026-06-04T22:15:33
forecasting,replay,1,6,future,mase,6.42646452922466,2026-06-04T22:15:44
forecasting,replay,1,6,future,smape,86.82639002799988,2026-06-04T22:15:44
forecasting,replay,1,6,future,rmse,483.6853332519531,2026-06-04T22:15:44
forecasting,replay,2,1,seen,mase,0.7996021141675151,2026-06-04T22:18:18
forecasting,replay,2,1,seen,smape,65.68470001220703,2026-06-04T22:18:18
forecasting,replay,2,1,seen,rmse,564.7322387695312,2026-06-04T22:18:18
forecasting,replay,2,2,seen,mase,27.361458982217737,2026-06-04T22:18:28
forecasting,replay,2,2,seen,smape,123.11708927154541,2026-06-04T22:18:28
forecasting,replay,2,2,seen,rmse,2095.5146484375,2026-06-04T22:18:28
forecasting,replay,2,3,future,mase,4.805432140863902,2026-06-04T22:18:36
forecasting,replay,2,3,future,smape,126.24319791793823,2026-06-04T22:18:36
forecasting,replay,2,3,future,rmse,2572.5087890625,2026-06-04T22:18:36
forecasting,replay,2,4,future,mase,24.931645872541527,2026-06-04T22:18:46
forecasting,replay,2,4,future,smape,132.3242425918579,2026-06-04T22:18:46
forecasting,replay,2,4,future,rmse,1658.8082275390625,2026-06-04T22:18:46
forecasting,replay,2,5,future,mase,3.0996874004562764,2026-06-04T22:18:54
forecasting,replay,2,5,future,smape,118.22516918182373,2026-06-04T22:18:54
forecasting,replay,2,5,future,rmse,1632.62353515625,2026-06-04T22:18:54
forecasting,replay,2,6,future,mase,16.056834668948994,2026-06-04T22:19:04
forecasting,replay,2,6,future,smape,123.59576225280762,2026-06-04T22:19:04
forecasting,replay,2,6,future,rmse,1269.52392578125,2026-06-04T22:19:04
forecasting,replay,3,1,seen,mase,0.5768092433447815,2026-06-04T22:20:25
forecasting,replay,3,1,seen,smape,45.6485778093338,2026-06-04T22:20:25
forecasting,replay,3,1,seen,rmse,546.564208984375,2026-06-04T22:20:25
forecasting,replay,3,2,seen,mase,6.134236495698866,2026-06-04T22:20:36
forecasting,replay,3,2,seen,smape,57.58090615272522,2026-06-04T22:20:36
forecasting,replay,3,2,seen,rmse,812.33740234375,2026-06-04T22:20:36
forecasting,replay,3,3,seen,mase,2.331845516578052,2026-06-04T22:20:43
forecasting,replay,3,3,seen,smape,79.85318303108215,2026-06-04T22:20:43
forecasting,replay,3,3,seen,rmse,1558.4371337890625,2026-06-04T22:20:43
forecasting,replay,3,4,future,mase,7.7739448715890385,2026-06-04T22:20:53
forecasting,replay,3,4,future,smape,80.62525391578674,2026-06-04T22:20:53
forecasting,replay,3,4,future,rmse,682.1533813476562,2026-06-04T22:20:53
forecasting,replay,3,5,future,mase,1.292007668269989,2026-06-04T22:21:01
forecasting,replay,3,5,future,smape,81.34307861328125,2026-06-04T22:21:01
forecasting,replay,3,5,future,rmse,893.1614990234375,2026-06-04T22:21:01
forecasting,replay,3,6,future,mase,4.149197498321789,2026-06-04T22:21:11
forecasting,replay,3,6,future,smape,73.32708239555359,2026-06-04T22:21:11
forecasting,replay,3,6,future,rmse,314.3262634277344,2026-06-04T22:21:11
forecasting,replay,4,1,seen,mase,0.8271924919316482,2026-06-04T22:23:04
forecasting,replay,4,1,seen,smape,61.01449728012085,2026-06-04T22:23:04
forecasting,replay,4,1,seen,rmse,618.50732421875,2026-06-04T22:23:04
forecasting,replay,4,2,seen,mase,17.898670474640365,2026-06-04T22:23:14
forecasting,replay,4,2,seen,smape,108.96768569946289,2026-06-04T22:23:14
forecasting,replay,4,2,seen,rmse,1461.9747314453125,2026-06-04T22:23:14
forecasting,replay,4,3,seen,mase,3.2265426518960103,2026-06-04T22:23:21
forecasting,replay,4,3,seen,smape,118.30083131790161,2026-06-04T22:23:21
forecasting,replay,4,3,seen,rmse,1789.7093505859375,2026-06-04T22:23:21
forecasting,replay,4,4,seen,mase,19.544953412067784,2026-06-04T22:23:32
forecasting,replay,4,4,seen,smape,122.0502495765686,2026-06-04T22:23:32
forecasting,replay,4,4,seen,rmse,1360.7823486328125,2026-06-04T22:23:32
forecasting,replay,4,5,future,mase,2.362534554859854,2026-06-04T22:23:39
forecasting,replay,4,5,future,smape,106.40438795089722,2026-06-04T22:23:39
forecasting,replay,4,5,future,rmse,1296.855712890625,2026-06-04T22:23:39
forecasting,replay,4,6,future,mase,12.678581494419497,2026-06-04T22:23:49
forecasting,replay,4,6,future,smape,110.7324481010437,2026-06-04T22:23:49
forecasting,replay,4,6,future,rmse,1020.0169067382812,2026-06-04T22:23:49
forecasting,replay,5,1,seen,mase,0.422681153189027,2026-06-04T22:25:18
forecasting,replay,5,1,seen,smape,40.09203016757965,2026-06-04T22:25:18
forecasting,replay,5,1,seen,rmse,267.9790344238281,2026-06-04T22:25:18
forecasting,replay,5,2,seen,mase,5.035680168951859,2026-06-04T22:25:28
forecasting,replay,5,2,seen,smape,63.89800310134888,2026-06-04T22:25:28
forecasting,replay,5,2,seen,rmse,408.23248291015625,2026-06-04T22:25:28
forecasting,replay,5,3,seen,mase,1.6083762786432059,2026-06-04T22:25:36
forecasting,replay,5,3,seen,smape,75.83706974983215,2026-06-04T22:25:36
forecasting,replay,5,3,seen,rmse,1031.9949951171875,2026-06-04T22:25:36
forecasting,replay,5,4,seen,mase,9.089855592937912,2026-06-04T22:25:46
forecasting,replay,5,4,seen,smape,85.8067274093628,2026-06-04T22:25:46
forecasting,replay,5,4,seen,rmse,617.9481201171875,2026-06-04T22:25:46
forecasting,replay,5,5,seen,mase,1.3647692564366916,2026-06-04T22:25:53
forecasting,replay,5,5,seen,smape,80.40265440940857,2026-06-04T22:25:53
forecasting,replay,5,5,seen,rmse,872.231689453125,2026-06-04T22:25:53
forecasting,replay,5,6,future,mase,6.597762553786396,2026-06-04T22:26:04
forecasting,replay,5,6,future,smape,83.49400162696838,2026-06-04T22:26:04
forecasting,replay,5,6,future,rmse,513.0883178710938,2026-06-04T22:26:04
forecasting,replay,6,1,seen,mase,0.6227105370329024,2026-06-04T22:28:17
forecasting,replay,6,1,seen,smape,52.18439698219299,2026-06-04T22:28:17
forecasting,replay,6,1,seen,rmse,446.857421875,2026-06-04T22:28:17
forecasting,replay,6,2,seen,mase,7.503473050746737,2026-06-04T22:28:27
forecasting,replay,6,2,seen,smape,73.58670830726624,2026-06-04T22:28:27
forecasting,replay,6,2,seen,rmse,1006.1941528320312,2026-06-04T22:28:27
forecasting,replay,6,3,seen,mase,2.2436310512070907,2026-06-04T22:28:35
forecasting,replay,6,3,seen,smape,86.73517107963562,2026-06-04T22:28:35
forecasting,replay,6,3,seen,rmse,1543.0299072265625,2026-06-04T22:28:35
forecasting,replay,6,4,seen,mase,10.803521030600773,2026-06-04T22:28:45
forecasting,replay,6,4,seen,smape,90.83420038223267,2026-06-04T22:28:45
forecasting,replay,6,4,seen,rmse,828.1671142578125,2026-06-04T22:28:45
forecasting,replay,6,5,seen,mase,1.8000793003043185,2026-06-04T22:28:53
forecasting,replay,6,5,seen,smape,88.62043023109436,2026-06-04T22:28:53
forecasting,replay,6,5,seen,rmse,1189.7249755859375,2026-06-04T22:28:53
forecasting,replay,6,6,seen,mase,8.115296841887965,2026-06-04T22:29:03
forecasting,replay,6,6,seen,smape,91.00354313850403,2026-06-04T22:29:03
forecasting,replay,6,6,seen,rmse,654.3619384765625,2026-06-04T22:29:03
forecasting,sdft,1,1,seen,mase,0.6792937900073428,2026-06-04T22:30:39
forecasting,sdft,1,1,seen,smape,57.92033672332764,2026-06-04T22:30:39
forecasting,sdft,1,1,seen,rmse,353.9913330078125,2026-06-04T22:30:39
forecasting,sdft,1,2,future,mase,6.627855837180403,2026-06-04T22:30:50
forecasting,sdft,1,2,future,smape,95.15889883041382,2026-06-04T22:30:50
forecasting,sdft,1,2,future,rmse,388.1139831542969,2026-06-04T22:30:50
forecasting,sdft,1,3,future,mase,0.9023215201656545,2026-06-04T22:30:57
forecasting,sdft,1,3,future,smape,80.18903732299805,2026-06-04T22:30:57
forecasting,sdft,1,3,future,rmse,467.2455139160156,2026-06-04T22:30:57
forecasting,sdft,1,4,future,mase,6.8436918528722055,2026-06-04T22:31:07
forecasting,sdft,1,4,future,smape,94.63372230529785,2026-06-04T22:31:07
forecasting,sdft,1,4,future,rmse,387.315185546875,2026-06-04T22:31:07
forecasting,sdft,1,5,future,mase,1.0394477769928,2026-06-04T22:31:15
forecasting,sdft,1,5,future,smape,87.5222384929657,2026-06-04T22:31:15
forecasting,sdft,1,5,future,rmse,498.13775634765625,2026-06-04T22:31:15
forecasting,sdft,1,6,future,mase,5.8887496056250805,2026-06-04T22:31:25
forecasting,sdft,1,6,future,smape,94.80646848678589,2026-06-04T22:31:25
forecasting,sdft,1,6,future,rmse,401.4062194824219,2026-06-04T22:31:25
forecasting,sdft,2,1,seen,mase,1.769965109138572,2026-06-04T22:38:14
forecasting,sdft,2,1,seen,smape,82.76786804199219,2026-06-04T22:38:14
forecasting,sdft,2,1,seen,rmse,1151.62939453125,2026-06-04T22:38:14
forecasting,sdft,2,2,seen,mase,13.839616310848843,2026-06-04T22:38:25
forecasting,sdft,2,2,seen,smape,108.28911066055298,2026-06-04T22:38:25
forecasting,sdft,2,2,seen,rmse,1187.3187255859375,2026-06-04T22:38:25
forecasting,sdft,2,3,future,mase,1.7692925149930387,2026-06-04T22:38:32
forecasting,sdft,2,3,future,smape,88.5509192943573,2026-06-04T22:38:32
forecasting,sdft,2,3,future,rmse,1214.3033447265625,2026-06-04T22:38:32
forecasting,sdft,2,4,future,mase,13.066198364932175,2026-06-04T22:38:43
forecasting,sdft,2,4,future,smape,102.52319574356079,2026-06-04T22:38:43
forecasting,sdft,2,4,future,rmse,1147.8890380859375,2026-06-04T22:38:43
forecasting,sdft,2,5,future,mase,1.849259570481479,2026-06-04T22:38:50
forecasting,sdft,2,5,future,smape,88.38229775428772,2026-06-04T22:38:50
forecasting,sdft,2,5,future,rmse,1318.4647216796875,2026-06-04T22:38:50
forecasting,sdft,2,6,future,mase,9.999000061360174,2026-06-04T22:39:01
forecasting,sdft,2,6,future,smape,96.98242545127869,2026-06-04T22:39:01
forecasting,sdft,2,6,future,rmse,1122.93994140625,2026-06-04T22:39:01
forecasting,sdft,3,1,seen,mase,0.44396851086197364,2026-06-04T22:43:45
forecasting,sdft,3,1,seen,smape,37.31743395328522,2026-06-04T22:43:45
forecasting,sdft,3,1,seen,rmse,311.62725830078125,2026-06-04T22:43:45
forecasting,sdft,3,2,seen,mase,3.823810605564329,2026-06-04T22:43:55
forecasting,sdft,3,2,seen,smape,62.304818630218506,2026-06-04T22:43:55
forecasting,sdft,3,2,seen,rmse,353.44647216796875,2026-06-04T22:43:55
forecasting,sdft,3,3,seen,mase,0.47102347222800506,2026-06-04T22:44:03
forecasting,sdft,3,3,seen,smape,47.915634512901306,2026-06-04T22:44:03
forecasting,sdft,3,3,seen,rmse,325.2854919433594,2026-06-04T22:44:03
forecasting,sdft,3,4,future,mase,4.219978027287214,2026-06-04T22:44:14
forecasting,sdft,3,4,future,smape,63.99106979370117,2026-06-04T22:44:14
forecasting,sdft,3,4,future,rmse,392.9017639160156,2026-06-04T22:44:14
forecasting,sdft,3,5,future,mase,0.7511411248642738,2026-06-04T22:44:21
forecasting,sdft,3,5,future,smape,56.79504871368408,2026-06-04T22:44:21
forecasting,sdft,3,5,future,rmse,590.4375610351562,2026-06-04T22:44:21
forecasting,sdft,3,6,future,mase,4.57801825204915,2026-06-04T22:44:33
forecasting,sdft,3,6,future,smape,71.56171798706055,2026-06-04T22:44:33
forecasting,sdft,3,6,future,rmse,464.60498046875,2026-06-04T22:44:33
forecasting,sdft,4,1,seen,mase,1.699024054982466,2026-06-04T22:51:36
forecasting,sdft,4,1,seen,smape,80.11817336082458,2026-06-04T22:51:36
forecasting,sdft,4,1,seen,rmse,1148.8173828125,2026-06-04T22:51:36
forecasting,sdft,4,2,seen,mase,17.73927730017138,2026-06-04T22:51:47
forecasting,sdft,4,2,seen,smape,112.10161447525024,2026-06-04T22:51:47
forecasting,sdft,4,2,seen,rmse,1709.3863525390625,2026-06-04T22:51:47
forecasting,sdft,4,3,seen,mase,1.48531506987811,2026-06-04T22:51:55
forecasting,sdft,4,3,seen,smape,80.65535426139832,2026-06-04T22:51:55
forecasting,sdft,4,3,seen,rmse,1142.2852783203125,2026-06-04T22:51:55
forecasting,sdft,4,4,seen,mase,16.100526780769364,2026-06-04T22:52:06
forecasting,sdft,4,4,seen,smape,104.65036630630493,2026-06-04T22:52:06
forecasting,sdft,4,4,seen,rmse,1622.304443359375,2026-06-04T22:52:06
forecasting,sdft,4,5,future,mase,1.6756144918594025,2026-06-04T22:52:13
forecasting,sdft,4,5,future,smape,79.92139458656311,2026-06-04T22:52:13
forecasting,sdft,4,5,future,rmse,1383.7650146484375,2026-06-04T22:52:13
forecasting,sdft,4,6,future,mase,12.595793217572298,2026-06-04T22:52:24
forecasting,sdft,4,6,future,smape,99.08223748207092,2026-06-04T22:52:24
forecasting,sdft,4,6,future,rmse,1598.7022705078125,2026-06-04T22:52:24
forecasting,sdft,5,1,seen,mase,0.42760940938868347,2026-06-04T22:57:18
forecasting,sdft,5,1,seen,smape,32.13745951652527,2026-06-04T22:57:18
forecasting,sdft,5,1,seen,rmse,333.91796875,2026-06-04T22:57:18
forecasting,sdft,5,2,seen,mase,2.3948142549415694,2026-06-04T22:57:29
forecasting,sdft,5,2,seen,smape,35.41378974914551,2026-06-04T22:57:29
forecasting,sdft,5,2,seen,rmse,392.7062683105469,2026-06-04T22:57:29
forecasting,sdft,5,3,seen,mase,0.4553476257501841,2026-06-04T22:57:37
forecasting,sdft,5,3,seen,smape,39.58147466182709,2026-06-04T22:57:37
forecasting,sdft,5,3,seen,rmse,366.6690979003906,2026-06-04T22:57:37
forecasting,sdft,5,4,seen,mase,2.756957804693234,2026-06-04T22:57:48
forecasting,sdft,5,4,seen,smape,37.15116083621979,2026-06-04T22:57:48
forecasting,sdft,5,4,seen,rmse,552.25390625,2026-06-04T22:57:48
forecasting,sdft,5,5,seen,mase,0.6477063831787149,2026-06-04T22:57:56
forecasting,sdft,5,5,seen,smape,41.3407027721405,2026-06-04T22:57:56
forecasting,sdft,5,5,seen,rmse,528.9998168945312,2026-06-04T22:57:56
forecasting,sdft,5,6,future,mase,2.533793743117056,2026-06-04T22:58:06
forecasting,sdft,5,6,future,smape,37.4469518661499,2026-06-04T22:58:06
forecasting,sdft,5,6,future,rmse,664.9453125,2026-06-04T22:58:06
forecasting,sdft,6,1,seen,mase,1.0455048743409372,2026-06-04T23:02:27
forecasting,sdft,6,1,seen,smape,70.20348906517029,2026-06-04T23:02:27
forecasting,sdft,6,1,seen,rmse,718.936279296875,2026-06-04T23:02:27
forecasting,sdft,6,2,seen,mase,11.791884103228346,2026-06-04T23:02:38
forecasting,sdft,6,2,seen,smape,92.97676682472229,2026-06-04T23:02:38
forecasting,sdft,6,2,seen,rmse,1639.80712890625,2026-06-04T23:02:38
forecasting,sdft,6,3,seen,mase,1.0330375273108092,2026-06-04T23:02:46
forecasting,sdft,6,3,seen,smape,72.65669107437134,2026-06-04T23:02:46
forecasting,sdft,6,3,seen,rmse,874.1734008789062,2026-06-04T23:02:46
forecasting,sdft,6,4,seen,mase,11.75424645388724,2026-06-04T23:02:56
forecasting,sdft,6,4,seen,smape,86.90118193626404,2026-06-04T23:02:56
forecasting,sdft,6,4,seen,rmse,1706.1546630859375,2026-06-04T23:02:56
forecasting,sdft,6,5,seen,mase,1.3061482867511747,2026-06-04T23:03:04
forecasting,sdft,6,5,seen,smape,72.34585881233215,2026-06-04T23:03:04
forecasting,sdft,6,5,seen,rmse,1304.7445068359375,2026-06-04T23:03:04
forecasting,sdft,6,6,seen,mase,9.340812460104354,2026-06-04T23:03:14
forecasting,sdft,6,6,seen,smape,81.86349868774414,2026-06-04T23:03:14
forecasting,sdft,6,6,seen,rmse,1715.5968017578125,2026-06-04T23:03:14
rl,naive,1,1,seen,avg_episode_reward,6020.5215816330465,2026-06-04T23:06:10
rl,naive,1,1,seen,cumulative_profit,44927312.81264896,2026-06-04T23:06:10
rl,naive,1,1,seen,pricing_regret,31.794999402824548,2026-06-04T23:06:10
rl,naive,1,2,future,avg_episode_reward,7821.482828501407,2026-06-04T23:06:12
rl,naive,1,2,future,cumulative_profit,46894609.53656948,2026-06-04T23:06:12
rl,naive,1,2,future,pricing_regret,21.780074993589334,2026-06-04T23:06:12
rl,naive,1,3,future,avg_episode_reward,6114.738591290087,2026-06-04T23:06:13
rl,naive,1,3,future,cumulative_profit,50505464.917869665,2026-06-04T23:06:13
rl,naive,1,3,future,pricing_regret,35.10442523276221,2026-06-04T23:06:13
rl,naive,1,4,future,avg_episode_reward,7852.607458134233,2026-06-04T23:06:15
rl,naive,1,4,future,cumulative_profit,50171217.05522062,2026-06-04T23:06:15
rl,naive,1,4,future,pricing_regret,24.11780106710579,2026-06-04T23:06:15
rl,naive,1,5,future,avg_episode_reward,6039.973113008432,2026-06-04T23:06:16
rl,naive,1,5,future,cumulative_profit,53289376.947984084,2026-06-04T23:06:16
rl,naive,1,5,future,pricing_regret,38.35692609403893,2026-06-04T23:06:16
rl,naive,1,6,future,avg_episode_reward,7914.345021538085,2026-06-04T23:06:18
rl,naive,1,6,future,cumulative_profit,54915205.06569871,2026-06-04T23:06:18
rl,naive,1,6,future,pricing_regret,26.653607454435654,2026-06-04T23:06:18
rl,naive,2,1,seen,avg_episode_reward,5998.443110602875,2026-06-04T23:09:06
rl,naive,2,1,seen,cumulative_profit,41111880.56592182,2026-06-04T23:09:06
rl,naive,2,1,seen,pricing_regret,31.811300814940658,2026-06-04T23:09:06
rl,naive,2,2,seen,avg_episode_reward,7786.827896292509,2026-06-04T23:09:08
rl,naive,2,2,seen,cumulative_profit,44002647.233791955,2026-06-04T23:09:08
rl,naive,2,2,seen,pricing_regret,21.798159696696228,2026-06-04T23:09:08
rl,naive,2,3,future,avg_episode_reward,6097.0893710655955,2026-06-04T23:09:09
rl,naive,2,3,future,cumulative_profit,46099461.76382629,2026-06-04T23:09:09
rl,naive,2,3,future,pricing_regret,35.11735764003828,2026-06-04T23:09:09
rl,naive,2,4,future,avg_episode_reward,7824.294376755981,2026-06-04T23:09:11
rl,naive,2,4,future,cumulative_profit,46867124.23998551,2026-06-04T23:09:11
rl,naive,2,4,future,pricing_regret,24.1325875402949,2026-06-04T23:09:11
rl,naive,2,5,future,avg_episode_reward,6025.878663407628,2026-06-04T23:09:12
rl,naive,2,5,future,cumulative_profit,48916439.456784636,2026-06-04T23:09:12
rl,naive,2,5,future,pricing_regret,38.367317568450886,2026-06-04T23:09:12
rl,naive,2,6,future,avg_episode_reward,7880.940559111932,2026-06-04T23:09:14
rl,naive,2,6,future,cumulative_profit,50862666.1337644,2026-06-04T23:09:14
rl,naive,2,6,future,pricing_regret,26.671025776484708,2026-06-04T23:09:14
rl,naive,3,1,seen,avg_episode_reward,5940.1774187069705,2026-06-04T23:11:59
rl,naive,3,1,seen,cumulative_profit,41540496.76965693,2026-06-04T23:11:59
rl,naive,3,1,seen,pricing_regret,31.853798012247093,2026-06-04T23:11:59
rl,naive,3,2,seen,avg_episode_reward,7631.231831995234,2026-06-04T23:12:01
rl,naive,3,2,seen,cumulative_profit,41490049.106587924,2026-06-04T23:12:01
rl,naive,3,2,seen,pricing_regret,21.878164656515644,2026-06-04T23:12:01
rl,naive,3,3,seen,avg_episode_reward,6038.285538891029,2026-06-04T23:12:02
rl,naive,3,3,seen,cumulative_profit,46316344.65414724,2026-06-04T23:12:02
rl,naive,3,3,seen,pricing_regret,35.16000162336686,2026-06-04T23:12:02
rl,naive,3,4,future,avg_episode_reward,7667.8837725405365,2026-06-04T23:12:04
rl,naive,3,4,future,cumulative_profit,45882186.50295304,2026-06-04T23:12:04
rl,naive,3,4,future,pricing_regret,24.212974915845848,2026-06-04T23:12:04
rl,naive,3,5,future,avg_episode_reward,5963.700910840527,2026-06-04T23:12:05
rl,naive,3,5,future,cumulative_profit,48925264.72768868,2026-06-04T23:12:05
rl,naive,3,5,future,pricing_regret,38.41268849387916,2026-06-04T23:12:05
rl,naive,3,6,future,avg_episode_reward,7739.149954445043,2026-06-04T23:12:07
rl,naive,3,6,future,cumulative_profit,50179135.971347846,2026-06-04T23:12:07
rl,naive,3,6,future,pricing_regret,26.744024261379934,2026-06-04T23:12:07
rl,naive,4,1,seen,avg_episode_reward,5939.348148614081,2026-06-04T23:15:04
rl,naive,4,1,seen,cumulative_profit,45489285.56678644,2026-06-04T23:15:04
rl,naive,4,1,seen,pricing_regret,31.854408218349292,2026-06-04T23:15:04
rl,naive,4,2,seen,avg_episode_reward,7631.231831995234,2026-06-04T23:15:07
rl,naive,4,2,seen,cumulative_profit,46333634.118813,2026-06-04T23:15:07
rl,naive,4,2,seen,pricing_regret,21.878164656515644,2026-06-04T23:15:07
rl,naive,4,3,seen,avg_episode_reward,6037.439268882447,2026-06-04T23:15:09
rl,naive,4,3,seen,cumulative_profit,50268051.01252459,2026-06-04T23:15:09
rl,naive,4,3,seen,pricing_regret,35.16062024179418,2026-06-04T23:15:09
rl,naive,4,4,seen,avg_episode_reward,7667.768092455088,2026-06-04T23:15:11
rl,naive,4,4,seen,cumulative_profit,50478666.47973149,2026-06-04T23:15:11
rl,naive,4,4,seen,pricing_regret,24.21303497819551,2026-06-04T23:15:11
rl,naive,4,5,future,avg_episode_reward,5963.21779083595,2026-06-04T23:15:13
rl,naive,4,5,future,cumulative_profit,54248497.22673494,2026-06-04T23:15:13
rl,naive,4,5,future,pricing_regret,38.41304399057127,2026-06-04T23:15:13
rl,naive,4,6,future,avg_episode_reward,7739.149954445043,2026-06-04T23:15:16
rl,naive,4,6,future,cumulative_profit,55213258.89082996,2026-06-04T23:15:16
rl,naive,4,6,future,pricing_regret,26.744024261379934,2026-06-04T23:15:16
rl,naive,5,1,seen,avg_episode_reward,5947.671648847922,2026-06-04T23:18:24
rl,naive,5,1,seen,cumulative_profit,42912450.32843602,2026-06-04T23:18:24
rl,naive,5,1,seen,pricing_regret,31.848396137460302,2026-06-04T23:18:24
rl,naive,5,2,seen,avg_episode_reward,7643.305702250437,2026-06-04T23:18:26
rl,naive,5,2,seen,cumulative_profit,44237529.080780536,2026-06-04T23:18:26
rl,naive,5,2,seen,pricing_regret,21.871958043314024,2026-06-04T23:18:26
rl,naive,5,3,seen,avg_episode_reward,6040.833668995743,2026-06-04T23:18:28
rl,naive,5,3,seen,cumulative_profit,46892283.50675629,2026-06-04T23:18:28
rl,naive,5,3,seen,pricing_regret,35.15820088898569,2026-06-04T23:18:28
rl,naive,5,4,seen,avg_episode_reward,7680.690153365275,2026-06-04T23:18:30
rl,naive,5,4,seen,cumulative_profit,48073083.3486682,2026-06-04T23:18:30
rl,naive,5,4,seen,pricing_regret,24.206418677953607,2026-06-04T23:18:30
rl,naive,5,5,seen,avg_episode_reward,5968.885991540143,2026-06-04T23:18:32
rl,naive,5,5,seen,cumulative_profit,50214564.80517178,2026-06-04T23:18:32
rl,naive,5,5,seen,pricing_regret,38.408937441391494,2026-06-04T23:18:32
rl,naive,5,6,future,avg_episode_reward,7751.514705192344,2026-06-04T23:18:34
rl,naive,5,6,future,cumulative_profit,52596539.90652043,2026-06-04T23:18:34
rl,naive,5,6,future,pricing_regret,26.737686122221362,2026-06-04T23:18:34
rl,naive,6,1,seen,avg_episode_reward,5948.113038929177,2026-06-04T23:21:47
rl,naive,6,1,seen,cumulative_profit,41388327.713801324,2026-06-04T23:21:47
rl,naive,6,1,seen,pricing_regret,31.84807857207578,2026-06-04T23:21:47
rl,naive,6,2,seen,avg_episode_reward,7649.408252461581,2026-06-04T23:21:50
rl,naive,6,2,seen,cumulative_profit,40702151.09816256,2026-06-04T23:21:50
rl,naive,6,2,seen,pricing_regret,21.868830075449043,2026-06-04T23:21:50
rl,naive,6,3,seen,avg_episode_reward,6042.564919575197,2026-06-04T23:21:52
rl,naive,6,3,seen,cumulative_profit,45863812.83866303,2026-06-04T23:21:52
rl,naive,6,3,seen,pricing_regret,35.156941265945754,2026-06-04T23:21:52
rl,naive,6,4,seen,avg_episode_reward,7687.9981638344825,2026-06-04T23:21:54
rl,naive,6,4,seen,cumulative_profit,44161675.232158154,2026-06-04T23:21:54
rl,naive,6,4,seen,pricing_regret,24.2026670720658,2026-06-04T23:21:54
rl,naive,6,5,seen,avg_episode_reward,5968.605721530797,2026-06-04T23:21:56
rl,naive,6,5,seen,cumulative_profit,49463485.67820523,2026-06-04T23:21:56
rl,naive,6,5,seen,pricing_regret,38.409147526092,2026-06-04T23:21:56
rl,naive,6,6,seen,avg_episode_reward,7754.632695386129,2026-06-04T23:21:58
rl,naive,6,6,seen,cumulative_profit,47863582.081878595,2026-06-04T23:21:58
rl,naive,6,6,seen,pricing_regret,26.736075261098875,2026-06-04T23:21:58
rl,ewc,1,1,seen,avg_episode_reward,6020.5215816330465,2026-06-04T23:25:11
rl,ewc,1,1,seen,cumulative_profit,44927312.81264896,2026-06-04T23:25:11
rl,ewc,1,1,seen,pricing_regret,31.794999402824548,2026-06-04T23:25:11
rl,ewc,1,2,future,avg_episode_reward,7821.482828501407,2026-06-04T23:25:13
rl,ewc,1,2,future,cumulative_profit,46894609.53656948,2026-06-04T23:25:13
rl,ewc,1,2,future,pricing_regret,21.780074993589334,2026-06-04T23:25:13
rl,ewc,1,3,future,avg_episode_reward,6114.738591290087,2026-06-04T23:25:15
rl,ewc,1,3,future,cumulative_profit,50505464.917869665,2026-06-04T23:25:15
rl,ewc,1,3,future,pricing_regret,35.10442523276221,2026-06-04T23:25:15
rl,ewc,1,4,future,avg_episode_reward,7852.607458134233,2026-06-04T23:25:17
rl,ewc,1,4,future,cumulative_profit,50171217.05522062,2026-06-04T23:25:17
rl,ewc,1,4,future,pricing_regret,24.11780106710579,2026-06-04T23:25:17
rl,ewc,1,5,future,avg_episode_reward,6039.973113008432,2026-06-04T23:25:19
rl,ewc,1,5,future,cumulative_profit,53289376.947984084,2026-06-04T23:25:19
rl,ewc,1,5,future,pricing_regret,38.35692609403893,2026-06-04T23:25:19
rl,ewc,1,6,future,avg_episode_reward,7914.345021538085,2026-06-04T23:25:21
rl,ewc,1,6,future,cumulative_profit,54915205.06569871,2026-06-04T23:25:21
rl,ewc,1,6,future,pricing_regret,26.653607454435654,2026-06-04T23:25:21
rl,ewc,2,1,seen,avg_episode_reward,6015.492211576398,2026-06-04T23:28:58
rl,ewc,2,1,seen,cumulative_profit,45273162.66450408,2026-06-04T23:28:58
rl,ewc,2,1,seen,pricing_regret,31.798663788370394,2026-06-04T23:28:58
rl,ewc,2,2,seen,avg_episode_reward,7813.081548393069,2026-06-04T23:29:00
rl,ewc,2,2,seen,cumulative_profit,47681686.85521741,2026-06-04T23:29:00
rl,ewc,2,2,seen,pricing_regret,21.784383139507383,2026-06-04T23:29:00
rl,ewc,2,3,future,avg_episode_reward,6111.97425143238,2026-06-04T23:29:02
rl,ewc,2,3,future,cumulative_profit,50816704.089001305,2026-06-04T23:29:02
rl,ewc,2,3,future,pricing_regret,35.10640882780751,2026-06-04T23:29:02
rl,ewc,2,4,future,avg_episode_reward,7843.530277925378,2026-06-04T23:29:05
rl,ewc,2,4,future,cumulative_profit,51810805.86401906,2026-06-04T23:29:05
rl,ewc,2,4,future,pricing_regret,24.122460628115597,2026-06-04T23:29:05
rl,ewc,2,5,future,avg_episode_reward,6041.357253390667,2026-06-04T23:29:07
rl,ewc,2,5,future,cumulative_profit,54135702.84651708,2026-06-04T23:29:07
rl,ewc,2,5,future,pricing_regret,38.35586668381893,2026-06-04T23:29:07
rl,ewc,2,6,future,avg_episode_reward,7905.5697117169975,2026-06-04T23:29:10
rl,ewc,2,6,future,cumulative_profit,56500372.91272618,2026-06-04T23:29:10
rl,ewc,2,6,future,pricing_regret,26.658130202674414,2026-06-04T23:29:10
rl,ewc,3,1,seen,avg_episode_reward,6013.015291644683,2026-06-04T23:32:47
rl,ewc,3,1,seen,cumulative_profit,45417764.53665555,2026-06-04T23:32:47
rl,ewc,3,1,seen,pricing_regret,31.800457320115765,2026-06-04T23:32:47
rl,ewc,3,2,seen,avg_episode_reward,7799.702857994812,2026-06-04T23:32:49
rl,ewc,3,2,seen,cumulative_profit,47898133.238240935,2026-06-04T23:32:49
rl,ewc,3,2,seen,pricing_regret,21.791209955361317,2026-06-04T23:32:49
rl,ewc,3,3,seen,avg_episode_reward,6109.589031623115,2026-06-04T23:32:51
rl,ewc,3,3,seen,cumulative_profit,50690011.74865299,2026-06-04T23:32:51
rl,ewc,3,3,seen,pricing_regret,35.10812854598766,2026-06-04T23:32:51
rl,ewc,3,4,future,avg_episode_reward,7830.916677538382,2026-06-04T23:32:53
rl,ewc,3,4,future,cumulative_profit,52187341.29901155,2026-06-04T23:32:53
rl,ewc,3,4,future,pricing_regret,24.128940539943155,2026-06-04T23:32:53
rl,ewc,3,5,future,avg_episode_reward,6037.495283183338,2026-06-04T23:32:55
rl,ewc,3,5,future,cumulative_profit,54225128.209210806,2026-06-04T23:32:55
rl,ewc,3,5,future,pricing_regret,38.358649997460624,2026-06-04T23:32:55
rl,ewc,3,6,future,avg_episode_reward,7895.405071453783,2026-06-04T23:32:57
rl,ewc,3,6,future,cumulative_profit,57203115.73299687,2026-06-04T23:32:57
rl,ewc,3,6,future,pricing_regret,26.663329992868672,2026-06-04T23:32:57
rl,ewc,4,1,seen,avg_episode_reward,6032.517742667784,2026-06-04T23:36:31
rl,ewc,4,1,seen,cumulative_profit,47169141.49986642,2026-06-04T23:36:31
rl,ewc,4,1,seen,pricing_regret,31.786214322765936,2026-06-04T23:36:31
rl,ewc,4,2,seen,avg_episode_reward,7834.476359188245,2026-06-04T23:36:33
rl,ewc,4,2,seen,cumulative_profit,49324241.33319933,2026-06-04T23:36:33
rl,ewc,4,2,seen,pricing_regret,21.773429546091016,2026-06-04T23:36:33
rl,ewc,4,3,seen,avg_episode_reward,6126.732842356675,2026-06-04T23:36:34
rl,ewc,4,3,seen,cumulative_profit,51947584.78482462,2026-06-04T23:36:34
rl,ewc,4,3,seen,pricing_regret,35.09570315379693,2026-06-04T23:36:34
rl,ewc,4,4,seen,avg_episode_reward,7864.014548828316,2026-06-04T23:36:36
rl,ewc,4,4,seen,cumulative_profit,53834271.746596366,2026-06-04T23:36:36
rl,ewc,4,4,seen,pricing_regret,24.111992625235885,2026-06-04T23:36:36
rl,ewc,4,5,future,avg_episode_reward,6056.295533990143,2026-06-04T23:36:38
rl,ewc,4,5,future,cumulative_profit,55380213.63473497,2026-06-04T23:36:38
rl,ewc,4,5,future,pricing_regret,38.344931941286255,2026-06-04T23:36:38
rl,ewc,4,6,future,avg_episode_reward,7925.254072293783,2026-06-04T23:36:40
rl,ewc,4,6,future,cumulative_profit,58732742.78851122,2026-06-04T23:36:40
rl,ewc,4,6,future,pricing_regret,26.647997521460628,2026-06-04T23:36:40
rl,ewc,5,1,seen,avg_episode_reward,6029.54628214708,2026-06-04T23:40:16
rl,ewc,5,1,seen,cumulative_profit,44940103.99325283,2026-06-04T23:40:16
rl,ewc,5,1,seen,pricing_regret,31.788385373791293,2026-06-04T23:40:16
rl,ewc,5,2,seen,avg_episode_reward,7822.6331186629595,2026-06-04T23:40:18
rl,ewc,5,2,seen,cumulative_profit,47822612.98651954,2026-06-04T23:40:18
rl,ewc,5,2,seen,pricing_regret,21.77949182645765,2026-06-04T23:40:18
rl,ewc,5,3,seen,avg_episode_reward,6121.806382194362,2026-06-04T23:40:20
rl,ewc,5,3,seen,cumulative_profit,50364554.53785724,2026-06-04T23:40:20
rl,ewc,5,3,seen,pricing_regret,35.0992797564841,2026-06-04T23:40:20
rl,ewc,5,4,seen,avg_episode_reward,7853.483308129655,2026-06-04T23:40:22
rl,ewc,5,4,seen,cumulative_profit,51719944.88331241,2026-06-04T23:40:22
rl,ewc,5,4,seen,pricing_regret,24.11737120373121,2026-06-04T23:40:22
rl,ewc,5,5,seen,avg_episode_reward,6051.662093927966,2026-06-04T23:40:24
rl,ewc,5,5,seen,cumulative_profit,53717226.42542735,2026-06-04T23:40:24
rl,ewc,5,5,seen,pricing_regret,38.34831592067523,2026-06-04T23:40:24
rl,ewc,5,6,future,avg_episode_reward,7915.855392019691,2026-06-04T23:40:26
rl,ewc,5,6,future,cumulative_profit,56753083.60661314,2026-06-04T23:40:26
rl,ewc,5,6,future,pricing_regret,26.652831008167112,2026-06-04T23:40:26
rl,ewc,6,1,seen,avg_episode_reward,6044.1815430379975,2026-06-04T23:43:36
rl,ewc,6,1,seen,cumulative_profit,44637623.11875512,2026-06-04T23:43:36
rl,ewc,6,1,seen,pricing_regret,31.777775809060667,2026-06-04T23:43:36
rl,ewc,6,2,seen,avg_episode_reward,7846.984699941266,2026-06-04T23:43:38
rl,ewc,6,2,seen,cumulative_profit,48125685.56629177,2026-06-04T23:43:38
rl,ewc,6,2,seen,pricing_regret,21.767046227762332,2026-06-04T23:43:38
rl,ewc,6,3,seen,avg_episode_reward,6137.964753049613,2026-06-04T23:43:40
rl,ewc,6,3,seen,cumulative_profit,50204390.863870494,2026-06-04T23:43:40
rl,ewc,6,3,seen,pricing_regret,35.08760961248277,2026-06-04T23:43:40
rl,ewc,6,4,seen,avg_episode_reward,7876.929549574663,2026-06-04T23:43:42
rl,ewc,6,4,seen,cumulative_profit,51767653.108614996,2026-06-04T23:43:42
rl,ewc,6,4,seen,pricing_regret,24.105426813554388,2026-06-04T23:43:42
rl,ewc,6,5,seen,avg_episode_reward,6062.8029441001945,2026-06-04T23:43:43
rl,ewc,6,5,seen,cumulative_profit,53910894.03361131,2026-06-04T23:43:43
rl,ewc,6,5,seen,pricing_regret,38.3402551377318,2026-06-04T23:43:43
rl,ewc,6,6,seen,avg_episode_reward,7937.594102790265,2026-06-04T23:43:46
rl,ewc,6,6,seen,cumulative_profit,56497025.4888426,2026-06-04T23:43:46
rl,ewc,6,6,seen,pricing_regret,26.641744875094478,2026-06-04T23:43:46
rl,recall,1,1,seen,avg_episode_reward,6020.5215816330465,2026-06-04T23:47:56
rl,recall,1,1,seen,cumulative_profit,44927312.81264896,2026-06-04T23:47:56
rl,recall,1,1,seen,pricing_regret,31.794999402824548,2026-06-04T23:47:56
rl,recall,1,2,future,avg_episode_reward,7821.482828501407,2026-06-04T23:47:58
rl,recall,1,2,future,cumulative_profit,46894609.53656948,2026-06-04T23:47:58
rl,recall,1,2,future,pricing_regret,21.780074993589334,2026-06-04T23:47:58
rl,recall,1,3,future,avg_episode_reward,6114.738591290087,2026-06-04T23:48:00
rl,recall,1,3,future,cumulative_profit,50505464.917869665,2026-06-04T23:48:00
rl,recall,1,3,future,pricing_regret,35.10442523276221,2026-06-04T23:48:00
rl,recall,1,4,future,avg_episode_reward,7852.607458134233,2026-06-04T23:48:03
rl,recall,1,4,future,cumulative_profit,50171217.05522062,2026-06-04T23:48:03
rl,recall,1,4,future,pricing_regret,24.11780106710579,2026-06-04T23:48:03
rl,recall,1,5,future,avg_episode_reward,6039.973113008432,2026-06-04T23:48:04
rl,recall,1,5,future,cumulative_profit,53289376.947984084,2026-06-04T23:48:04
rl,recall,1,5,future,pricing_regret,38.35692609403893,2026-06-04T23:48:04
rl,recall,1,6,future,avg_episode_reward,7914.345021538085,2026-06-04T23:48:07
rl,recall,1,6,future,cumulative_profit,54915205.06569871,2026-06-04T23:48:07
rl,recall,1,6,future,pricing_regret,26.653607454435654,2026-06-04T23:48:07
rl,recall,2,1,seen,avg_episode_reward,6008.555011654217,2026-06-04T23:51:51
rl,recall,2,1,seen,cumulative_profit,43520996.07520065,2026-06-04T23:51:51
rl,recall,2,1,seen,pricing_regret,31.803679687070158,2026-06-04T23:51:51
rl,recall,2,2,seen,avg_episode_reward,7778.888017328194,2026-06-04T23:51:53
rl,recall,2,2,seen,cumulative_profit,47215471.60606602,2026-06-04T23:51:53
rl,recall,2,2,seen,pricing_regret,21.801858892075565,2026-06-04T23:51:53
rl,recall,2,3,future,avg_episode_reward,6106.930452160411,2026-06-04T23:51:54
rl,recall,2,3,future,cumulative_profit,47833448.204548985,2026-06-04T23:51:54
rl,recall,2,3,future,pricing_regret,35.110020864506396,2026-06-04T23:51:54
rl,recall,2,4,future,avg_episode_reward,7811.4365665519,2026-06-04T23:51:56
rl,recall,2,4,future,cumulative_profit,51364416.3367815,2026-06-04T23:51:56
rl,recall,2,4,future,pricing_regret,24.138818260605113,2026-06-04T23:51:56
rl,recall,2,5,future,avg_episode_reward,6032.364073212708,2026-06-04T23:51:57
rl,recall,2,5,future,cumulative_profit,51642621.82845576,2026-06-04T23:51:57
rl,recall,2,5,future,pricing_regret,38.362362726502845,2026-06-04T23:51:57
rl,recall,2,6,future,avg_episode_reward,7878.7793508817695,2026-06-04T23:51:59
rl,recall,2,6,future,cumulative_profit,55702829.36473143,2026-06-04T23:51:59
rl,recall,2,6,future,pricing_regret,26.671836440980147,2026-06-04T23:51:59
rl,recall,3,1,seen,avg_episode_reward,6038.940982896852,2026-06-04T23:55:06
rl,recall,3,1,seen,cumulative_profit,46306694.732230015,2026-06-04T23:55:06
rl,recall,3,1,seen,pricing_regret,31.781547505217304,2026-06-04T23:55:06
rl,recall,3,2,seen,avg_episode_reward,7846.984699941266,2026-06-04T23:55:08
rl,recall,3,2,seen,cumulative_profit,48467621.346509114,2026-06-04T23:55:08
rl,recall,3,2,seen,pricing_regret,21.767046227762332,2026-06-04T23:55:08
rl,recall,3,3,seen,avg_episode_reward,6135.806623243783,2026-06-04T23:55:09
rl,recall,3,3,seen,cumulative_profit,51196495.17886726,2026-06-04T23:55:09
rl,recall,3,3,seen,pricing_regret,35.089158994538124,2026-06-04T23:55:09
rl,recall,3,4,future,avg_episode_reward,7876.929549574663,2026-06-04T23:55:11
rl,recall,3,4,future,cumulative_profit,52854760.24895194,2026-06-04T23:55:11
rl,recall,3,4,future,pricing_regret,24.105426813554388,2026-06-04T23:55:11
rl,recall,3,5,future,avg_episode_reward,6059.268224350054,2026-06-04T23:55:13
rl,recall,3,5,future,cumulative_profit,54607986.95808275,2026-06-04T23:55:13
rl,recall,3,5,future,pricing_regret,38.34280258918739,2026-06-04T23:55:13
rl,recall,3,6,future,avg_episode_reward,7937.594102790265,2026-06-04T23:55:14
rl,recall,3,6,future,cumulative_profit,57713370.140681036,2026-06-04T23:55:14
rl,recall,3,6,future,pricing_regret,26.641744875094478,2026-06-04T23:55:14
rl,recall,4,1,seen,avg_episode_reward,6018.388282186366,2026-06-04T23:58:29
rl,recall,4,1,seen,cumulative_profit,40116666.544302784,2026-06-04T23:58:29
rl,recall,4,1,seen,pricing_regret,31.796473574287898,2026-06-04T23:58:29
rl,recall,4,2,seen,avg_episode_reward,7805.516518432931,2026-06-04T23:58:31
rl,recall,4,2,seen,cumulative_profit,41791396.83605186,2026-06-04T23:58:31
rl,recall,4,2,seen,pricing_regret,21.78827995781528,2026-06-04T23:58:31
rl,recall,4,3,seen,avg_episode_reward,6115.105652226031,2026-06-04T23:58:32
rl,recall,4,3,seen,cumulative_profit,44484951.10591346,2026-06-04T23:58:32
rl,recall,4,3,seen,pricing_regret,35.10407791191145,2026-06-04T23:58:32
rl,recall,4,4,seen,avg_episode_reward,7835.623387879987,2026-06-04T23:58:34
rl,recall,4,4,seen,cumulative_profit,44213464.068948515,2026-06-04T23:58:34
rl,recall,4,4,seen,pricing_regret,24.126546771261253,2026-06-04T23:58:34
rl,recall,4,5,future,avg_episode_reward,6040.262163577386,2026-06-04T23:58:36
rl,recall,4,5,future,cumulative_profit,47736943.59323749,2026-06-04T23:58:36
rl,recall,4,5,future,pricing_regret,38.35660465059098,2026-06-04T23:58:36
rl,recall,4,6,future,avg_episode_reward,7897.71816184994,2026-06-04T23:58:37
rl,recall,4,6,future,cumulative_profit,48385143.24432964,2026-06-04T23:58:37
rl,recall,4,6,future,pricing_regret,26.662170959185513,2026-06-04T23:58:37
rl,recall,5,1,seen,avg_episode_reward,6023.561672280013,2026-06-05T00:01:38
rl,recall,5,1,seen,cumulative_profit,42499253.91430873,2026-06-05T00:01:38
rl,recall,5,1,seen,pricing_regret,31.792790703447398,2026-06-05T00:01:38
rl,recall,5,2,seen,avg_episode_reward,7836.4958695317555,2026-06-05T00:01:40
rl,recall,5,2,seen,cumulative_profit,42690487.33372072,2026-06-05T00:01:40
rl,recall,5,2,seen,pricing_regret,21.77241319491685,2026-06-05T00:01:40
rl,recall,5,3,seen,avg_episode_reward,6124.9729830397,2026-06-05T00:01:42
rl,recall,5,3,seen,cumulative_profit,46838748.77282215,2026-06-05T00:01:42
rl,recall,5,3,seen,pricing_regret,35.0969972965749,2026-06-05T00:01:42
rl,recall,5,4,seen,avg_episode_reward,7867.576098769954,2026-06-05T00:01:44
rl,recall,5,4,seen,cumulative_profit,45520585.08029056,2026-06-05T00:01:44
rl,recall,5,4,seen,pricing_regret,24.110190183666237,2026-06-05T00:01:44
rl,recall,5,5,seen,avg_episode_reward,6047.737823945692,2026-06-05T00:01:45
rl,recall,5,5,seen,cumulative_profit,50659672.12482102,2026-06-05T00:01:45
rl,recall,5,5,seen,pricing_regret,38.35124562070741,2026-06-05T00:01:45
rl,recall,5,6,future,avg_episode_reward,7929.18239239144,2026-06-05T00:01:47
rl,recall,5,6,future,cumulative_profit,50080040.1708074,2026-06-05T00:01:47
rl,recall,5,6,future,pricing_regret,26.64603608588578,2026-06-05T00:01:47
rl,recall,6,1,seen,avg_episode_reward,6041.926252934238,2026-06-05T00:04:43
rl,recall,6,1,seen,cumulative_profit,41516738.96167979,2026-06-05T00:04:43
rl,recall,6,1,seen,pricing_regret,31.779397016622006,2026-06-05T00:04:43
rl,recall,6,2,seen,avg_episode_reward,7844.152739840558,2026-06-05T00:04:45
rl,recall,6,2,seen,cumulative_profit,42204448.4816621,2026-06-05T00:04:45
rl,recall,6,2,seen,pricing_regret,21.768505066358536,2026-06-05T00:04:45
rl,recall,6,3,seen,avg_episode_reward,6138.411803180648,2026-06-05T00:04:47
rl,recall,6,3,seen,cumulative_profit,46018148.68335194,2026-06-05T00:04:47
rl,recall,6,3,seen,pricing_regret,35.08728063129125,2026-06-05T00:04:47
rl,recall,6,4,seen,avg_episode_reward,7874.615609313738,2026-06-05T00:04:48
rl,recall,6,4,seen,cumulative_profit,45474317.50171864,2026-06-05T00:04:48
rl,recall,6,4,seen,pricing_regret,24.10659637188747,2026-06-05T00:04:48
rl,recall,6,5,seen,avg_episode_reward,6062.152624204717,2026-06-05T00:04:50
rl,recall,6,5,seen,cumulative_profit,49027948.930193774,2026-06-05T00:04:50
rl,recall,6,5,seen,pricing_regret,38.34071992605987,2026-06-05T00:04:50
rl,recall,6,6,seen,avg_episode_reward,7935.4768126948975,2026-06-05T00:04:52
rl,recall,6,6,seen,cumulative_profit,49990371.962619245,2026-06-05T00:04:52
rl,recall,6,6,seen,pricing_regret,26.64282439232382,2026-06-05T00:04:52
rl,sdft,1,1,seen,avg_episode_reward,6020.5215816330465,2026-06-05T00:07:44
rl,sdft,1,1,seen,cumulative_profit,44927312.81264896,2026-06-05T00:07:44
rl,sdft,1,1,seen,pricing_regret,31.794999402824548,2026-06-05T00:07:44
rl,sdft,1,2,future,avg_episode_reward,7821.482828501407,2026-06-05T00:07:46
rl,sdft,1,2,future,cumulative_profit,46894609.53656948,2026-06-05T00:07:46
rl,sdft,1,2,future,pricing_regret,21.780074993589334,2026-06-05T00:07:46
rl,sdft,1,3,future,avg_episode_reward,6114.738591290087,2026-06-05T00:07:47
rl,sdft,1,3,future,cumulative_profit,50505464.917869665,2026-06-05T00:07:47
rl,sdft,1,3,future,pricing_regret,35.10442523276221,2026-06-05T00:07:47
rl,sdft,1,4,future,avg_episode_reward,7852.607458134233,2026-06-05T00:07:49
rl,sdft,1,4,future,cumulative_profit,50171217.05522062,2026-06-05T00:07:49
rl,sdft,1,4,future,pricing_regret,24.11780106710579,2026-06-05T00:07:49
rl,sdft,1,5,future,avg_episode_reward,6039.973113008432,2026-06-05T00:07:51
rl,sdft,1,5,future,cumulative_profit,53289376.947984084,2026-06-05T00:07:51
rl,sdft,1,5,future,pricing_regret,38.35692609403893,2026-06-05T00:07:51
rl,sdft,1,6,future,avg_episode_reward,7914.345021538085,2026-06-05T00:07:53
rl,sdft,1,6,future,cumulative_profit,54915205.06569871,2026-06-05T00:07:53
rl,sdft,1,6,future,pricing_regret,26.653607454435654,2026-06-05T00:07:53
rl,sdft,2,1,seen,avg_episode_reward,6015.847421024218,2026-06-05T00:10:43
rl,sdft,2,1,seen,cumulative_profit,43969846.44104447,2026-06-05T00:10:43
rl,sdft,2,1,seen,pricing_regret,31.798463378695516,2026-06-05T00:10:43
rl,sdft,2,2,seen,avg_episode_reward,7824.931138970236,2026-06-05T00:10:45
rl,sdft,2,2,seen,cumulative_profit,46515236.608490214,2026-06-05T00:10:45
rl,sdft,2,2,seen,pricing_regret,21.778292921923377,2026-06-05T00:10:45
rl,sdft,2,3,future,avg_episode_reward,6110.787372027277,2026-06-05T00:10:46
rl,sdft,2,3,future,cumulative_profit,47902683.37828017,2026-06-05T00:10:46
rl,sdft,2,3,future,pricing_regret,35.10730578025929,2026-06-05T00:10:46
rl,sdft,2,4,future,avg_episode_reward,7854.9659184497095,2026-06-05T00:10:48
rl,sdft,2,4,future,cumulative_profit,51124214.56155045,2026-06-05T00:10:48
rl,sdft,2,4,future,pricing_regret,24.116541678715055,2026-06-05T00:10:48
rl,sdft,2,5,future,avg_episode_reward,6035.8346430694655,2026-06-05T00:10:50
rl,sdft,2,5,future,cumulative_profit,51795493.08072111,2026-06-05T00:10:50
rl,sdft,2,5,future,pricing_regret,38.35995311957604,2026-06-05T00:10:50
rl,sdft,2,6,future,avg_episode_reward,7920.599871859861,2026-06-05T00:10:52
rl,sdft,2,6,future,cumulative_profit,55717555.73056271,2026-06-05T00:10:52
rl,sdft,2,6,future,pricing_regret,26.650402819505004,2026-06-05T00:10:52
rl,sdft,3,1,seen,avg_episode_reward,5992.408450912827,2026-06-05T00:13:47
rl,sdft,3,1,seen,cumulative_profit,45858137.10438891,2026-06-05T00:13:47
rl,sdft,3,1,seen,pricing_regret,31.81545069457388,2026-06-05T00:13:47
rl,sdft,3,2,seen,avg_episode_reward,7711.537996054266,2026-06-05T00:13:48
rl,sdft,3,2,seen,cumulative_profit,47743837.221369386,2026-06-05T00:13:48
rl,sdft,3,2,seen,pricing_regret,21.836483240882064,2026-06-05T00:13:48
rl,sdft,3,3,seen,avg_episode_reward,6091.340761972925,2026-06-05T00:13:50
rl,sdft,3,3,seen,cumulative_profit,49932279.013305746,2026-06-05T00:13:50
rl,sdft,3,3,seen,pricing_regret,35.12131167665064,2026-06-05T00:13:50
rl,sdft,3,4,future,avg_episode_reward,7742.232335303334,2026-06-05T00:13:52
rl,sdft,3,4,future,cumulative_profit,52104420.59359857,2026-06-05T00:13:52
rl,sdft,3,4,future,pricing_regret,24.174375149944368,2026-06-05T00:13:52
rl,sdft,3,5,future,avg_episode_reward,6009.471722557727,2026-06-05T00:13:53
rl,sdft,3,5,future,cumulative_profit,54098317.7200435,2026-06-05T00:13:53
rl,sdft,3,5,future,pricing_regret,38.379079391756086,2026-06-05T00:13:53
rl,sdft,3,6,future,avg_episode_reward,7811.688518628814,2026-06-05T00:13:55
rl,sdft,3,6,future,cumulative_profit,56933666.77524057,2026-06-05T00:13:55
rl,sdft,3,6,future,pricing_regret,26.706369019179814,2026-06-05T00:13:55
rl,sdft,4,1,seen,avg_episode_reward,5984.440890996747,2026-06-05T00:16:48
rl,sdft,4,1,seen,cumulative_profit,46693238.09444673,2026-06-05T00:16:48
rl,sdft,4,1,seen,pricing_regret,31.821308157550728,2026-06-05T00:16:48
rl,sdft,4,2,seen,avg_episode_reward,7706.231985388407,2026-06-05T00:16:51
rl,sdft,4,2,seen,cumulative_profit,47235201.225195654,2026-06-05T00:16:51
rl,sdft,4,2,seen,pricing_regret,21.839233629787266,2026-06-05T00:16:51
rl,sdft,4,3,seen,avg_episode_reward,6081.646231778567,2026-06-05T00:16:52
rl,sdft,4,3,seen,cumulative_profit,51368513.968822055,2026-06-05T00:16:52
rl,sdft,4,3,seen,pricing_regret,35.128394606119954,2026-06-05T00:16:52
rl,sdft,4,4,seen,avg_episode_reward,7740.107405285025,2026-06-05T00:16:54
rl,sdft,4,4,seen,cumulative_profit,51611763.337618254,2026-06-05T00:16:54
rl,sdft,4,4,seen,pricing_regret,24.17548367950639,2026-06-05T00:16:54
rl,sdft,4,5,future,avg_episode_reward,6006.702691724014,2026-06-05T00:16:56
rl,sdft,4,5,future,cumulative_profit,55138759.81081562,2026-06-05T00:16:56
rl,sdft,4,5,future,pricing_regret,38.381115184194186,2026-06-05T00:16:56
rl,sdft,4,6,future,avg_episode_reward,7809.390607924629,2026-06-05T00:16:58
rl,sdft,4,6,future,cumulative_profit,56388767.448807046,2026-06-05T00:16:58
rl,sdft,4,6,future,pricing_regret,26.70757209536705,2026-06-05T00:16:58
rl,sdft,5,1,seen,avg_episode_reward,5932.79460893242,2026-06-05T00:19:51
rl,sdft,5,1,seen,cumulative_profit,46390640.39238142,2026-06-05T00:19:51
rl,sdft,5,1,seen,pricing_regret,31.85923054335421,2026-06-05T00:19:51
rl,sdft,5,2,seen,avg_episode_reward,7649.382252512692,2026-06-05T00:19:52
rl,sdft,5,2,seen,cumulative_profit,47039802.27498089,2026-06-05T00:19:52
rl,sdft,5,2,seen,pricing_regret,21.868745774640974,2026-06-05T00:19:52
rl,sdft,5,3,seen,avg_episode_reward,6035.163869572914,2026-06-05T00:19:54
rl,sdft,5,3,seen,cumulative_profit,50957056.886561625,2026-06-05T00:19:54
rl,sdft,5,3,seen,pricing_regret,35.16228354538302,2026-06-05T00:19:54
rl,sdft,5,4,seen,avg_episode_reward,7683.29514297541,2026-06-05T00:19:56
rl,sdft,5,4,seen,cumulative_profit,50965116.14312054,2026-06-05T00:19:56
rl,sdft,5,4,seen,pricing_regret,24.204973944439356,2026-06-05T00:19:56
rl,sdft,5,5,seen,avg_episode_reward,5965.540559605135,2026-06-05T00:19:57
rl,sdft,5,5,seen,cumulative_profit,55163915.621364936,2026-06-05T00:19:57
rl,sdft,5,5,seen,pricing_regret,38.4113390772804,2026-06-05T00:19:57
rl,sdft,5,6,future,avg_episode_reward,7752.047895315946,2026-06-05T00:19:59
rl,sdft,5,6,future,cumulative_profit,55566099.763135694,2026-06-05T00:19:59
rl,sdft,5,6,future,pricing_regret,26.73732814794472,2026-06-05T00:19:59
rl,sdft,6,1,seen,avg_episode_reward,6010.662512095381,2026-06-05T00:23:02
rl,sdft,6,1,seen,cumulative_profit,46891415.977759615,2026-06-05T00:23:02
rl,sdft,6,1,seen,pricing_regret,31.802151243051306,2026-06-05T00:23:02
rl,sdft,6,2,seen,avg_episode_reward,7774.560247308733,2026-06-05T00:23:04
rl,sdft,6,2,seen,cumulative_profit,46332950.54894966,2026-06-05T00:23:04
rl,sdft,6,2,seen,pricing_regret,21.804295714063297,2026-06-05T00:23:04
rl,sdft,6,3,seen,avg_episode_reward,6105.908281961097,2026-06-05T00:23:06
rl,sdft,6,3,seen,cumulative_profit,51968226.18444888,2026-06-05T00:23:06
rl,sdft,6,3,seen,pricing_regret,35.11081214337653,2026-06-05T00:23:06
rl,sdft,6,4,seen,avg_episode_reward,7805.19685720173,2026-06-05T00:23:07
rl,sdft,6,4,seen,cumulative_profit,50502328.22946262,2026-06-05T00:23:07
rl,sdft,6,4,seen,pricing_regret,24.142273317356135,2026-06-05T00:23:07
rl,sdft,6,5,seen,avg_episode_reward,6032.691173320655,2026-06-05T00:23:09
rl,sdft,6,5,seen,cumulative_profit,55845344.40772075,2026-06-05T00:23:09
rl,sdft,6,5,seen,pricing_regret,38.3621700714115,2026-06-05T00:23:09
rl,sdft,6,6,seen,avg_episode_reward,7870.30497971848,2026-06-05T00:23:11
rl,sdft,6,6,seen,cumulative_profit,55442179.402581885,2026-06-05T00:23:11
rl,sdft,6,6,seen,pricing_regret,26.67635333186531,2026-06-05T00:23:11
rl,naive,1,1,seen,profit_index,1.0,2026-06-05T00:23:13
rl,naive,1,2,future,profit_index,1.0657224618194479,2026-06-05T00:23:13
rl,naive,1,3,future,profit_index,1.0904458306242293,2026-06-05T00:23:13
rl,naive,1,4,future,profit_index,0.9939093196007006,2026-06-05T00:23:13
rl,naive,1,5,future,profit_index,1.0612334718968952,2026-06-05T00:23:13
rl,naive,1,6,future,profit_index,1.1473275228702513,2026-06-05T00:23:13
rl,naive,2,1,seen,profit_index,0.9150754405758065,2026-06-05T00:23:13
rl,naive,2,2,seen,profit_index,1.0,2026-06-05T00:23:13
rl,naive,2,3,future,profit_index,0.9953173573618459,2026-06-05T00:23:13
rl,naive,2,4,future,profit_index,0.9284540878036841,2026-06-05T00:23:13
rl,naive,2,5,future,profit_index,0.9741484297748321,2026-06-05T00:23:13
rl,naive,2,6,future,profit_index,1.0626589971213474,2026-06-05T00:23:13
rl,naive,3,1,seen,profit_index,0.9246156551335405,2026-06-05T00:23:13
rl,naive,3,2,seen,profit_index,0.9428989325607102,2026-06-05T00:23:13
rl,naive,3,3,seen,profit_index,1.0,2026-06-05T00:23:13
rl,naive,3,4,future,profit_index,0.9089421274901535,2026-06-05T00:23:13
rl,naive,3,5,future,profit_index,0.9743241809923978,2026-06-05T00:23:13
rl,naive,3,6,future,profit_index,1.0483781988048473,2026-06-05T00:23:13
rl,naive,4,1,seen,profit_index,1.0125084880211055,2026-06-05T00:23:13
rl,naive,4,2,seen,profit_index,1.0529737875231961,2026-06-05T00:23:13
rl,naive,4,3,seen,profit_index,1.085319910020652,2026-06-05T00:23:13
rl,naive,4,4,seen,profit_index,1.0,2026-06-05T00:23:13
rl,naive,4,5,future,profit_index,1.08033391182846,2026-06-05T00:23:13
rl,naive,4,6,future,profit_index,1.1535546753767514,2026-06-05T00:23:13
rl,naive,5,1,seen,profit_index,0.9551528378157157,2026-06-05T00:23:13
rl,naive,5,2,seen,profit_index,1.005337902643462,2026-06-05T00:23:13
rl,naive,5,3,seen,profit_index,1.0124348943533799,2026-06-05T00:23:13
rl,naive,5,4,seen,profit_index,0.9523445586259852,2026-06-05T00:23:13
rl,naive,5,5,seen,profit_index,1.0,2026-06-05T00:23:13
rl,naive,5,6,future,profit_index,1.098884321205741,2026-06-05T00:23:13
rl,naive,6,1,seen,profit_index,0.921228649627777,2026-06-05T00:23:13
rl,naive,6,2,seen,profit_index,0.9249932369274645,2026-06-05T00:23:13
rl,naive,6,3,seen,profit_index,0.9902295438281378,2026-06-05T00:23:13
rl,naive,6,4,seen,profit_index,0.8748581987578896,2026-06-05T00:23:13
rl,naive,6,5,seen,profit_index,0.9850426040755172,2026-06-05T00:23:13
rl,naive,6,6,seen,profit_index,1.0,2026-06-05T00:23:13
rl,ewc,1,1,seen,profit_index,1.0,2026-06-05T00:23:13
rl,ewc,1,2,future,profit_index,1.0657224618194479,2026-06-05T00:23:13
rl,ewc,1,3,future,profit_index,1.0904458306242293,2026-06-05T00:23:13
rl,ewc,1,4,future,profit_index,0.9939093196007006,2026-06-05T00:23:13
rl,ewc,1,5,future,profit_index,1.0612334718968952,2026-06-05T00:23:13
rl,ewc,1,6,future,profit_index,1.1473275228702513,2026-06-05T00:23:13
rl,ewc,2,1,seen,profit_index,1.0076979865966467,2026-06-05T00:23:13
rl,ewc,2,2,seen,profit_index,1.083609506534419,2026-06-05T00:23:13
rl,ewc,2,3,future,profit_index,1.0971656867237491,2026-06-05T00:23:13
rl,ewc,2,4,future,profit_index,1.0263901461189047,2026-06-05T00:23:13
rl,ewc,2,5,future,profit_index,1.0780876635406276,2026-06-05T00:23:13
rl,ewc,2,6,future,profit_index,1.1804459769866977,2026-06-05T00:23:13
rl,ewc,3,1,seen,profit_index,1.0109165604017276,2026-06-05T00:23:13
rl,ewc,3,2,seen,profit_index,1.088528446567129,2026-06-05T00:23:13
rl,ewc,3,3,seen,profit_index,1.0944303167092466,2026-06-05T00:23:13
rl,ewc,3,4,future,profit_index,1.0338494444968378,2026-06-05T00:23:13
rl,ewc,3,5,future,profit_index,1.079868528575318,2026-06-05T00:23:13
rl,ewc,3,6,future,profit_index,1.1951281798161586,2026-06-05T00:23:13
rl,ewc,4,1,seen,profit_index,1.0498990156959997,2026-06-05T00:23:13
rl,ewc,4,2,seen,profit_index,1.120938044275678,2026-06-05T00:23:13
rl,ewc,4,3,seen,profit_index,1.1215821363435932,2026-06-05T00:23:13
rl,ewc,4,4,seen,profit_index,1.0664757114416292,2026-06-05T00:23:13
rl,ewc,4,5,future,profit_index,1.1028715244193685,2026-06-05T00:23:13
rl,ewc,4,6,future,profit_index,1.2270862362127248,2026-06-05T00:23:13
rl,ewc,5,1,seen,profit_index,1.0002847083389388,2026-06-05T00:23:13
rl,ewc,5,2,seen,profit_index,1.0868121804679522,2026-06-05T00:23:13
rl,ewc,5,3,seen,profit_index,1.0874034838875724,2026-06-05T00:23:13
rl,ewc,5,4,seen,profit_index,1.0245901583806563,2026-06-05T00:23:13
rl,ewc,5,5,seen,profit_index,1.0697538977753884,2026-06-05T00:23:13
rl,ewc,5,6,future,profit_index,1.1857257885447765,2026-06-05T00:23:13
rl,ewc,6,1,seen,profit_index,0.9935520360387038,2026-06-05T00:23:13
rl,ewc,6,2,seen,profit_index,1.0936997792563152,2026-06-05T00:23:13
rl,ewc,6,3,seen,profit_index,1.083945446013843,2026-06-05T00:23:13
rl,ewc,6,4,seen,profit_index,1.025535274974054,2026-06-05T00:23:13
rl,ewc,6,5,seen,profit_index,1.073610699261877,2026-06-05T00:23:13
rl,ewc,6,6,seen,profit_index,1.1803760402260548,2026-06-05T00:23:13
rl,recall,1,1,seen,profit_index,1.0,2026-06-05T00:23:13
rl,recall,1,2,future,profit_index,1.0657224618194479,2026-06-05T00:23:13
rl,recall,1,3,future,profit_index,1.0904458306242293,2026-06-05T00:23:13
rl,recall,1,4,future,profit_index,0.9939093196007006,2026-06-05T00:23:13
rl,recall,1,5,future,profit_index,1.0612334718968952,2026-06-05T00:23:13
rl,recall,1,6,future,profit_index,1.1473275228702513,2026-06-05T00:23:13
rl,recall,2,1,seen,profit_index,0.968697955666461,2026-06-05T00:23:13
rl,recall,2,2,seen,profit_index,1.0730143428690528,2026-06-05T00:23:13
rl,recall,2,3,future,profit_index,1.032755252205895,2026-06-05T00:23:13
rl,recall,2,4,future,profit_index,1.0175470137945435,2026-06-05T00:23:13
rl,recall,2,5,future,profit_index,1.0284390998672341,2026-06-05T00:23:13
rl,recall,2,6,future,profit_index,1.1637831299262664,2026-06-05T00:23:13
rl,recall,3,1,seen,profit_index,1.0307025244383792,2026-06-05T00:23:13
rl,recall,3,2,seen,profit_index,1.1014705794629618,2026-06-05T00:23:13
rl,recall,3,3,seen,profit_index,1.1053656233271647,2026-06-05T00:23:13
rl,recall,3,4,future,profit_index,1.0470712468241314,2026-06-05T00:23:13
rl,recall,3,5,future,profit_index,1.087492984753668,2026-06-05T00:23:13
rl,recall,3,6,future,profit_index,1.2057887778217842,2026-06-05T00:23:13
rl,recall,4,1,seen,profit_index,0.8929237925177717,2026-06-05T00:23:13
rl,recall,4,2,seen,profit_index,0.9497473325640745,2026-06-05T00:23:13
rl,recall,4,3,seen,profit_index,0.9604590223622107,2026-06-05T00:23:13
rl,recall,4,4,seen,profit_index,0.8758841536889922,2026-06-05T00:23:13
rl,recall,4,5,future,profit_index,0.9506593112666166,2026-06-05T00:23:13
rl,recall,4,6,future,profit_index,1.0108968267681853,2026-06-05T00:23:13
rl,recall,5,1,seen,profit_index,0.9459558396366713,2026-06-05T00:23:13
rl,recall,5,2,seen,profit_index,0.9701799781931403,2026-06-05T00:23:13
rl,recall,5,3,seen,profit_index,1.0112790446348001,2026-06-05T00:23:13
rl,recall,5,4,seen,profit_index,0.9017786771084428,2026-06-05T00:23:13
rl,recall,5,5,seen,profit_index,1.0088641078813732,2026-06-05T00:23:13
rl,recall,5,6,future,profit_index,1.0463078188577108,2026-06-05T00:23:13
rl,recall,6,1,seen,profit_index,0.9240868496811376,2026-06-05T00:23:13
rl,recall,6,2,seen,profit_index,0.9591343052026897,2026-06-05T00:23:13
rl,recall,6,3,seen,profit_index,0.9935617550775654,2026-06-05T00:23:13
rl,recall,6,4,seen,profit_index,0.9008621002295647,2026-06-05T00:23:13
rl,recall,6,5,seen,profit_index,0.9763690897335868,2026-06-05T00:23:13
rl,recall,6,6,seen,profit_index,1.0444344068754075,2026-06-05T00:23:13
rl,sdft,1,1,seen,profit_index,1.0,2026-06-05T00:23:13
rl,sdft,1,2,future,profit_index,1.0657224618194479,2026-06-05T00:23:13
rl,sdft,1,3,future,profit_index,1.0904458306242293,2026-06-05T00:23:13
rl,sdft,1,4,future,profit_index,0.9939093196007006,2026-06-05T00:23:13
rl,sdft,1,5,future,profit_index,1.0612334718968952,2026-06-05T00:23:13
rl,sdft,1,6,future,profit_index,1.1473275228702513,2026-06-05T00:23:13
rl,sdft,2,1,seen,profit_index,0.978688545749504,2026-06-05T00:23:13
rl,sdft,2,2,seen,profit_index,1.0571008685306713,2026-06-05T00:23:13
rl,sdft,2,3,future,profit_index,1.0342500846294849,2026-06-05T00:23:13
rl,sdft,2,4,future,profit_index,1.0127885327968829,2026-06-05T00:23:13
rl,sdft,2,5,future,profit_index,1.0314834606589383,2026-06-05T00:23:13
rl,sdft,2,6,future,profit_index,1.1640908036353943,2026-06-05T00:23:13
rl,sdft,3,1,seen,profit_index,1.0207184501690891,2026-06-05T00:23:13
rl,sdft,3,2,seen,profit_index,1.0850219298784454,2026-06-05T00:23:13
rl,sdft,3,3,seen,profit_index,1.07807037420935,2026-06-05T00:23:13
rl,sdft,3,4,future,profit_index,1.0322067563833102,2026-06-05T00:23:13
rl,sdft,3,5,future,profit_index,1.077343155913834,2026-06-05T00:23:13
rl,sdft,3,6,future,profit_index,1.1894986605441709,2026-06-05T00:23:13
rl,sdft,4,1,seen,profit_index,1.0393062743182937,2026-06-05T00:23:13
rl,sdft,4,2,seen,profit_index,1.073462716327695,2026-06-05T00:23:13
rl,sdft,4,3,seen,profit_index,1.1090796208638722,2026-06-05T00:23:13
rl,sdft,4,4,seen,profit_index,1.0224470442051343,2026-06-05T00:23:13
rl,sdft,4,5,future,profit_index,1.0980630823895277,2026-06-05T00:23:13
rl,sdft,4,6,future,profit_index,1.1781142362547106,2026-06-05T00:23:13
rl,sdft,5,1,seen,profit_index,1.0325710016495906,2026-06-05T00:23:13
rl,sdft,5,2,seen,profit_index,1.0690220982626824,2026-06-05T00:23:13
rl,sdft,5,3,seen,profit_index,1.1001959948926767,2026-06-05T00:23:13
rl,sdft,5,4,seen,profit_index,1.0096367376024953,2026-06-05T00:23:13
rl,sdft,5,5,seen,profit_index,1.0985640488052861,2026-06-05T00:23:13
rl,sdft,5,6,future,profit_index,1.160926477840306,2026-06-05T00:23:13
rl,sdft,6,1,seen,profit_index,1.0437173523665024,2026-06-05T00:23:13
rl,sdft,6,2,seen,profit_index,1.0529582527791224,2026-06-05T00:23:13
rl,sdft,6,3,seen,profit_index,1.122027797584315,2026-06-05T00:23:13
rl,sdft,6,4,seen,profit_index,1.000468747520116,2026-06-05T00:23:13
rl,sdft,6,5,seen,profit_index,1.1121343901793417,2026-06-05T00:23:13
rl,sdft,6,6,seen,profit_index,1.1583374455288122,2026-06-05T00:23:13
