date,arm,mase,smape,rmse,cumulative_profit,profit_index,avg_episode_reward,pricing_regret,fc_threshold,fc_mu,fc_sigma,rl_profit_floor,rl_ref_profit,fc_trigger,rl_trigger
2013-01-01,frozen,1.5047908846533042,153.0253291130066,6.160011291503906,4622.778222728967,1.381179362999715,4.620055722728972,0.00027426603437804485,1.55970855692829,1.480584804694893,0.039561876116698494,1.0,3346.9789272618323,False,False
2013-01-08,frozen,1.488930867689944,151.64694786071777,6.096510410308838,4553.126127675777,1.3603689257167493,4.550403627675774,0.00028531325043122517,1.55970855692829,1.480584804694893,0.039561876116698494,1.0,3346.9789272618323,False,False
2013-01-15,frozen,1.4749425810219785,151.3837218284607,5.906939506530762,4172.262277636536,1.2465756039431861,4.172262277636523,0.00026258175376493996,1.55970855692829,1.480584804694893,0.039561876116698494,1.0,3346.9789272618323,False,False
2013-01-22,frozen,1.4698132905700454,150.68819522857666,5.829855918884277,4309.447270433905,1.2875633112992049,4.309447270433901,0.00025369155391131385,1.55970855692829,1.480584804694893,0.039561876116698494,1.0,3346.9789272618323,False,False
2013-01-29,frozen,1.4736561721488541,150.51140785217285,5.767446517944336,4702.554763629434,1.4050147508626833,4.702554763629433,0.0002804739447763854,1.55970855692829,1.480584804694893,0.039561876116698494,1.0,3346.9789272618323,False,False
2013-02-05,frozen,1.4051282281156858,151.11658573150635,5.492381572723389,4378.037571160796,1.3080565089611944,4.372543341038225,0.0003118060770105702,1.55970855692829,1.480584804694893,0.039561876116698494,1.0,3346.9789272618323,False,False
2013-02-12,frozen,1.3848064852142545,151.24049186706543,5.402090072631836,4024.776528887751,1.202510268620193,4.019282298765178,0.00030179196589883144,1.55970855692829,1.480584804694893,0.039561876116698494,1.0,3346.9789272618323,False,False
2013-02-19,frozen,1.407093439213822,150.80249309539795,5.374715805053711,4182.506530064945,1.2496363499625194,4.182506530064935,0.00027219248982449703,1.55970855692829,1.480584804694893,0.039561876116698494,1.0,3346.9789272618323,False,False
2013-02-26,frozen,1.3588692789096577,149.5844841003418,5.1905035972595215,4398.844427628224,1.3142731171083066,4.398844427628219,0.0002805505459686739,1.55970855692829,1.480584804694893,0.039561876116698494,1.0,3346.9789272618323,False,False
2013-03-05,frozen,1.3286320007358658,150.15076398849487,5.063120365142822,4345.923726940456,1.2984616340252435,4.345923726940456,0.0002906603917157077,1.55970855692829,1.480584804694893,0.039561876116698494,1.0,3346.9789272618323,False,False
2013-03-12,frozen,1.323577536531125,150.31884908676147,5.0776143074035645,4331.915427513126,1.2942762776989072,4.331915427513128,0.0003082615185837127,1.55970855692829,1.480584804694893,0.039561876116698494,1.0,3346.9789272618323,False,False
2013-03-19,frozen,1.344999763987464,150.7959246635437,5.187948226928711,4318.542222878935,1.2902806730283,4.318542222878934,0.000323062123014332,1.55970855692829,1.480584804694893,0.039561876116698494,1.0,3346.9789272618323,False,False
2013-03-26,frozen,1.373481342302864,151.81427001953125,5.214177131652832,4416.867611376944,1.319658028140138,4.41686761137694,0.00037794132375138385,1.55970855692829,1.480584804694893,0.039561876116698494,1.0,3346.9789272618323,False,False
2013-04-02,frozen,1.3878413921758306,151.83203220367432,5.273073196411133,4532.671801402873,1.354257645449551,4.532671801402868,0.0004218148036403378,1.55970855692829,1.480584804694893,0.039561876116698494,1.0,3346.9789272618323,False,False
2013-04-09,frozen,1.3620866796288356,151.15344524383545,5.311356544494629,4145.264464196266,1.2385092808419658,4.1452644641962655,0.0003573219221441671,1.55970855692829,1.480584804694893,0.039561876116698494,1.0,3346.9789272618323,False,False
2013-04-16,frozen,1.3346623510721847,153.00369262695312,5.205788612365723,3999.5862754246623,1.194984002691863,3.9995862754246647,0.0003155604867203823,1.55970855692829,1.480584804694893,0.039561876116698494,1.0,3346.9789272618323,False,False
2013-04-23,frozen,1.3783112736825636,153.88351678848267,5.238518238067627,4055.91302726627,1.2118131351918662,4.0458437671229905,0.00036706093701496394,1.55970855692829,1.480584804694893,0.039561876116698494,1.0,3346.9789272618323,False,False
2013-04-30,frozen,1.3931658278247692,155.35837411880493,5.2688164710998535,3905.070439662939,1.16674485395033,3.890922559551245,0.0004040553416095569,1.55970855692829,1.480584804694893,0.039561876116698494,1.0,3346.9789272618323,False,False
2013-05-07,frozen,1.385163816996563,155.32519817352295,5.370866775512695,3771.386947002413,1.1268033139628366,3.765867607026102,0.00034228492370778674,1.55970855692829,1.480584804694893,0.039561876116698494,1.0,3346.9789272618323,False,False
2013-05-14,frozen,1.3950059515483761,155.55766820907593,5.436963081359863,3786.671639338137,1.131370027010005,3.782036279312731,0.0002834352887142286,1.55970855692829,1.480584804694893,0.039561876116698494,1.0,3346.9789272618323,False,False
2013-05-21,frozen,1.378925511359211,155.38371801376343,5.355065822601318,3827.8863359352963,1.143684026438402,3.824691695917787,0.0004081388971675742,1.55970855692829,1.480584804694893,0.039561876116698494,1.0,3346.9789272618323,False,False
2013-05-28,frozen,1.4262771144237116,155.21262884140015,5.424724578857422,4057.3408274835365,1.2122397289196118,4.047101227312443,0.0007103240845237298,1.55970855692829,1.480584804694893,0.039561876116698494,1.0,3346.9789272618323,False,False
2013-06-04,frozen,1.4352577230238508,156.6797137260437,5.461119174957275,4297.992970872229,1.2841410311442931,4.287753370701136,0.0006638135419427653,1.55970855692829,1.480584804694893,0.039561876116698494,1.0,3346.9789272618323,False,False
2013-06-11,frozen,1.4099001915738942,157.37289190292358,5.454574108123779,3856.1383868038674,1.1521250867147166,3.8501851566813,0.00040303450305258004,1.55970855692829,1.480584804694893,0.039561876116698494,1.0,3346.9789272618323,False,False
2013-06-18,frozen,1.4152590469271946,156.0204029083252,5.4377312660217285,3905.994631361964,1.1670209810844143,3.880171201163295,0.00045022701272042187,1.55970855692829,1.480584804694893,0.039561876116698494,1.0,3346.9789272618323,False,False
2013-06-25,frozen,1.4515576121206402,155.2129626274109,5.4895405769348145,4368.473966124949,1.3051991246621928,4.343234185938298,0.0007465495848949966,1.55970855692829,1.480584804694893,0.039561876116698494,1.0,3346.9789272618323,False,False
2013-07-02,frozen,1.4542588253635287,154.82925176620483,5.431882381439209,4141.810173873004,1.2374772186753575,4.123634853559553,0.0007595122015812779,1.55970855692829,1.480584804694893,0.039561876116698494,1.0,3346.9789272618323,False,False
2013-07-09,frozen,1.4303205821117024,154.93961572647095,5.421205520629883,3662.5402426409755,1.0942824326764746,3.649734502438072,0.0004978092406828459,1.55970855692829,1.480584804694893,0.039561876116698494,1.0,3346.9789272618323,False,False
2013-07-16,frozen,1.391495824177557,155.4991602897644,5.353953838348389,3376.195853344804,1.0087293427051465,3.376195853344802,0.00043058332752996453,1.55970855692829,1.480584804694893,0.039561876116698494,1.0,3346.9789272618323,False,False
2013-07-23,frozen,1.3975713953269813,156.39160871505737,5.365341663360596,3265.2015491941593,0.9755668082037866,3.255704388973059,0.0005879300240687853,1.55970855692829,1.480584804694893,0.039561876116698494,1.0,3346.9789272618323,False,False
2013-07-30,frozen,1.411549694427581,156.52490854263306,5.376959323883057,3401.884543212655,1.0164045299190876,3.3923873829915516,0.0007422024265303897,1.55970855692829,1.480584804694893,0.039561876116698494,1.0,3346.9789272618323,False,False
2013-08-06,frozen,1.4292353525196537,157.28930234909058,5.545117378234863,3562.233948402108,1.0643132286812382,3.5622339484021053,0.0006081340304226942,1.55970855692829,1.480584804694893,0.039561876116698494,1.0,3346.9789272618323,False,False
2013-08-13,frozen,1.4303747672729947,158.69327783584595,5.785557270050049,3441.3027563768633,1.028181781590181,3.4413027563768654,0.00048292115590849703,1.55970855692829,1.480584804694893,0.039561876116698494,1.0,3346.9789272618323,False,False
2013-08-20,frozen,1.4710502158431131,158.20435285568237,6.085409164428711,3476.073050109152,1.038570342285642,3.4760730501091546,0.0005595644300073384,1.55970855692829,1.480584804694893,0.039561876116698494,1.0,3346.9789272618323,False,False
2013-08-27,frozen,1.4777065254683452,157.11818933486938,5.937554359436035,3537.5194007736486,1.0569290926691606,3.535838560764438,0.000768946517805505,1.55970855692829,1.480584804694893,0.039561876116698494,1.0,3346.9789272618323,False,False
2013-09-03,frozen,1.5056110458649978,157.5433611869812,5.99918794631958,3491.5360011446533,1.0431903149151533,3.4898551611354396,0.0007348753734627494,1.55970855692829,1.480584804694893,0.039561876116698494,1.0,3346.9789272618323,False,False
2013-09-10,frozen,1.5428887531398092,159.18048620224,6.163381576538086,3389.0626525270995,1.0125736451229157,3.3890626525270973,0.0005762603812565157,1.55970855692829,1.480584804694893,0.039561876116698494,1.0,3346.9789272618323,False,False
2013-09-17,frozen,1.5348948211058742,159.03124809265137,6.230256080627441,3177.862064009907,0.9494717872662916,3.177862064009911,0.0005198596905662471,1.55970855692829,1.480584804694893,0.039561876116698494,1.0,3346.9789272618323,False,False
2013-09-24,frozen,1.5431869266907254,159.60698127746582,6.164795875549316,3212.7010542130483,0.959880872880596,3.2127010542130536,0.000729862468556794,1.55970855692829,1.480584804694893,0.039561876116698494,1.0,3346.9789272618323,False,True
2013-10-01,frozen,1.5111169478242723,159.59959030151367,5.90952730178833,3512.3857326984426,1.0494197331478061,3.5123857326984442,0.0009464904807918169,1.55970855692829,1.480584804694893,0.039561876116698494,1.0,3346.9789272618323,False,False
2013-10-08,frozen,1.4589870620220218,158.86805057525635,5.817257404327393,3602.3588332128516,1.0763016175186815,3.602358833212855,0.0008076225071892278,1.55970855692829,1.480584804694893,0.039561876116698494,1.0,3346.9789272618323,False,False
2013-10-15,frozen,1.431804496052235,159.25641059875488,5.892301559448242,3455.3125420165047,1.0323675819624296,3.4553125420165096,0.0007129274879189209,1.55970855692829,1.480584804694893,0.039561876116698494,1.0,3346.9789272618323,False,False
2013-10-22,frozen,1.4800787244256461,158.62654447555542,6.1007890701293945,3405.68684172869,1.0175405688959287,3.4056868417286914,0.0008007833090937431,1.55970855692829,1.480584804694893,0.039561876116698494,1.0,3346.9789272618323,False,False
2013-10-29,frozen,1.4806637328825905,157.76680707931519,6.069888114929199,3162.9948490762745,0.9450298068246055,3.1629948490762736,0.0008806527316084138,1.55970855692829,1.480584804694893,0.039561876116698494,1.0,3346.9789272618323,False,False
2013-11-05,frozen,1.4886599659416544,157.84060955047607,6.230218410491943,3021.276557569508,0.9026876545175079,3.021276557569507,0.0007801383051629177,1.55970855692829,1.480584804694893,0.039561876116698494,1.0,3346.9789272618323,False,True
2013-11-12,frozen,1.5254716223930376,157.60992765426636,6.424766540527344,3176.9399588727965,0.9491962835487151,3.1769399588727976,0.0007043326980499282,1.55970855692829,1.480584804694893,0.039561876116698494,1.0,3346.9789272618323,False,False
2013-11-19,frozen,1.5495508212146178,157.88112878799438,6.573486328125,3060.3969625946875,0.914375927994982,3.0603969625946914,0.0007151593171375537,1.55970855692829,1.480584804694893,0.039561876116698494,1.0,3346.9789272618323,False,True
2013-11-26,frozen,1.5415758498254317,157.5124979019165,6.4836530685424805,3097.128104230168,0.9253503447552126,3.09712810423017,0.0008374164880642536,1.55970855692829,1.480584804694893,0.039561876116698494,1.0,3346.9789272618323,False,False
2013-12-03,frozen,1.5657090324411254,156.88380002975464,6.682997703552246,3357.602698884607,1.0031741375890484,3.357602698884607,0.0008641518882481912,1.55970855692829,1.480584804694893,0.039561876116698494,1.0,3346.9789272618323,False,False
2013-12-10,frozen,1.6273105090942757,158.11110734939575,6.906896591186523,3303.8242527958737,0.9871063799910854,3.3038242527958768,0.0007643756559640975,1.55970855692829,1.480584804694893,0.039561876116698494,1.0,3346.9789272618323,True,False
2013-12-17,frozen,1.5777077137945068,159.7627878189087,6.764646530151367,2751.7399612927443,0.8221563448993526,2.751739961292748,0.000637446584197573,1.55970855692829,1.480584804694893,0.039561876116698494,1.0,3346.9789272618323,False,True
2013-12-24,frozen,1.5046878062720093,158.25912952423096,6.522830009460449,3168.04356512755,0.946538246573106,3.1577607652172444,0.000430113889442344,1.55970855692829,1.480584804694893,0.039561876116698494,1.0,3346.9789272618323,False,False
2013-12-31,frozen,1.4682025901750426,155.5658221244812,6.312854290008545,3634.919461486636,1.086029981210658,3.624636661576326,0.0002718446145525071,1.55970855692829,1.480584804694893,0.039561876116698494,1.0,3346.9789272618323,False,False
2014-01-07,frozen,1.4135024330098742,154.68319654464722,6.078189849853516,2993.192973296644,0.8942969281690037,2.9931929732966407,0.00017818254802847008,1.55970855692829,1.480584804694893,0.039561876116698494,1.0,3346.9789272618323,False,False
2014-01-14,frozen,1.3949765988881038,154.8422932624817,5.854713439941406,2756.106674823762,0.8234610180466647,2.7561066748237626,0.0001537052889181301,1.55970855692829,1.480584804694893,0.039561876116698494,1.0,3346.9789272618323,False,True
2014-01-21,frozen,1.3887285674244834,155.51624298095703,5.7038187980651855,2907.6304686224453,0.8687328279658998,2.9052344886093144,0.0001525372149850694,1.55970855692829,1.480584804694893,0.039561876116698494,1.0,3346.9789272618323,False,False
2014-01-28,frozen,1.3713539744173209,154.82159852981567,5.562403678894043,3151.4026613807696,0.9415663288800376,3.1490066813676334,0.00015710409385154031,1.55970855692829,1.480584804694893,0.039561876116698494,1.0,3346.9789272618323,False,True
2014-02-04,frozen,1.339735151604721,153.8111448287964,5.444267272949219,3198.313754085307,0.9555822798985627,3.1964165540707103,0.00018466272939330488,1.55970855692829,1.480584804694893,0.039561876116698494,1.0,3346.9789272618323,False,False
2014-02-11,frozen,1.2968913847109889,154.3948769569397,5.2863945960998535,3132.7303555738936,0.9359874751696702,3.130833155559303,0.00020788531751510285,1.55970855692829,1.480584804694893,0.039561876116698494,1.0,3346.9789272618323,False,True
2014-02-18,frozen,1.3080730270745535,155.16890287399292,5.230052947998047,3159.0505571860076,0.9438513435070925,3.1531347971342827,0.0002107719441958092,1.55970855692829,1.480584804694893,0.039561876116698494,1.0,3346.9789272618323,False,False
2014-02-25,frozen,1.2906964609429665,154.96541261672974,5.1241679191589355,3324.0199555158624,0.9931403895139691,3.318104195464137,0.00023561485355000654,1.55970855692829,1.480584804694893,0.039561876116698494,1.0,3346.9789272618323,False,True
2014-03-04,frozen,1.236214567638867,154.6550989151001,4.941783428192139,3738.4571484965118,1.1169646507320403,3.7384571484965083,0.0002803629791636284,1.55970855692829,1.480584804694893,0.039561876116698494,1.0,3346.9789272618323,False,False
2014-03-11,frozen,1.2272268206051606,154.03672456741333,4.895138740539551,3892.5589416897337,1.163006707327626,3.89255894168973,0.0003010934509071256,1.55970855692829,1.480584804694893,0.039561876116698494,1.0,3346.9789272618323,False,False
2014-03-18,frozen,1.2366737123016462,154.42076921463013,4.903371810913086,3538.7644450104212,1.0573010831309562,3.538764445010426,0.00026238585784376745,1.55970855692829,1.480584804694893,0.039561876116698494,1.0,3346.9789272618323,False,False
2014-03-25,frozen,1.3078183062114983,155.1372528076172,5.161172866821289,3466.968451686795,1.0358500985613095,3.466968451686801,0.00029128450430694137,1.55970855692829,1.480584804694893,0.039561876116698494,1.0,3346.9789272618323,False,False
2014-04-01,frozen,1.345195177633594,155.76618909835815,5.336444854736328,3785.13504567802,1.1309109283142824,3.7851350456780177,0.000360788024533513,1.55970855692829,1.480584804694893,0.039561876116698494,1.0,3346.9789272618323,False,False
2014-04-08,frozen,1.3162355576861775,155.7331085205078,5.267293453216553,3961.720244271455,1.1836705071557003,3.9617202442714574,0.00033558695922022947,1.55970855692829,1.480584804694893,0.039561876116698494,1.0,3346.9789272618323,False,False
2014-04-15,frozen,1.29375962096197,156.75702095031738,5.158936977386475,3596.302949668168,1.0744922593851847,3.59179862958646,0.0002740280548616418,1.55970855692829,1.480584804694893,0.039561876116698494,1.0,3346.9789272618323,False,False
2014-04-22,frozen,1.3361086672276856,157.23782777786255,5.242988109588623,3669.786845570803,1.096447550260814,3.6599129453785437,0.0003788771557681074,1.55970855692829,1.480584804694893,0.039561876116698494,1.0,3346.9789272618323,False,False
2014-04-29,frozen,1.3420839342697393,157.1044921875,5.23631477355957,3900.4072420704365,1.1653515982131877,3.895037661959885,0.0005081242110236251,1.55970855692829,1.480584804694893,0.039561876116698494,1.0,3346.9789272618323,False,False
2014-05-06,frozen,1.3391509187369863,158.39200019836426,5.254298686981201,3649.5712472891773,1.0904075964036308,3.6495712472891793,0.00041797278963598796,1.55970855692829,1.480584804694893,0.039561876116698494,1.0,3346.9789272618323,False,False
2014-05-13,frozen,1.3464309772219853,157.14954137802124,5.33932638168335,3755.951448738566,1.122191543587433,3.7559514487385766,0.00029626047474485103,1.55970855692829,1.480584804694893,0.039561876116698494,1.0,3346.9789272618323,False,False
2014-05-20,frozen,1.3563609771309355,156.68644905090332,5.257293224334717,3946.8251371753145,1.1792201931800679,3.9403600172069106,0.00038242188245016977,1.55970855692829,1.480584804694893,0.039561876116698494,1.0,3346.9789272618323,False,False
2014-05-27,frozen,1.3867442776651207,156.361186504364,5.301164627075195,3873.274434363543,1.157244941942994,3.8668093143951294,0.0005777207548542368,1.55970855692829,1.480584804694893,0.039561876116698494,1.0,3346.9789272618323,False,False
2014-06-03,frozen,1.4251316223017256,154.4792890548706,5.444486618041992,4017.443682241142,1.2003193834052066,4.017443682241138,0.0005619042887351868,1.55970855692829,1.480584804694893,0.039561876116698494,1.0,3346.9789272618323,False,False
2014-06-10,frozen,1.4131548926329334,153.9029836654663,5.457056045532227,3981.966180371644,1.1897195252523731,3.981966180371642,0.0004055764666387541,1.55970855692829,1.480584804694893,0.039561876116698494,1.0,3346.9789272618323,False,False
2014-06-17,frozen,1.377162193872671,154.04281616210938,5.287970066070557,3624.449939805272,1.0829019299414708,3.624449939805273,0.0003671094212522196,1.55970855692829,1.480584804694893,0.039561876116698494,1.0,3346.9789272618323,False,False
2014-06-24,frozen,1.3848723582829545,154.6774387359619,5.2780280113220215,3732.0052366286523,1.1150369684824428,3.7320052366286567,0.0005969234886319234,1.55970855692829,1.480584804694893,0.039561876116698494,1.0,3346.9789272618323,False,False
2014-07-01,frozen,1.389008770726217,152.72324085235596,5.295863628387451,4061.3264290210655,1.2134305346056187,4.061326429021064,0.0007540012503986662,1.55970855692829,1.480584804694893,0.039561876116698494,1.0,3346.9789272618323,False,False
2014-07-08,frozen,1.3824146189792221,153.96366119384766,5.294870376586914,3931.498040892189,1.1746408108127984,3.931498040892188,0.0005447297621513049,1.55970855692829,1.480584804694893,0.039561876116698494,1.0,3346.9789272618323,False,False
2014-07-15,frozen,1.3287474311175915,155.17054796218872,5.165472030639648,3704.9612546259173,1.1069568512810897,3.7049612546259185,0.000419636103031371,1.55970855692829,1.480584804694893,0.039561876116698494,1.0,3346.9789272618323,False,False
2014-07-22,frozen,1.3245970846617563,156.29578828811646,5.162830829620361,3801.3285567224048,1.1357491754010762,3.801328556722406,0.0006242006463060816,1.55970855692829,1.480584804694893,0.039561876116698494,1.0,3346.9789272618323,False,False
2014-07-29,frozen,1.3296418872239681,156.76060914993286,5.161229133605957,3450.1823504743056,1.030834799219039,3.450182350474302,0.0008022899443325726,1.55970855692829,1.480584804694893,0.039561876116698494,1.0,3346.9789272618323,False,False
2014-08-05,frozen,1.3435470545333175,158.0137014389038,5.20106315612793,3378.23383871407,1.009338245663174,3.378233838714068,0.0006599694374208062,1.55970855692829,1.480584804694893,0.039561876116698494,1.0,3346.9789272618323,False,False
2014-08-12,frozen,1.3516274174003244,158.4558367729187,5.271965980529785,3549.6328304123886,1.0605483056675076,3.5496328304123934,0.0004959615489653174,1.55970855692829,1.480584804694893,0.039561876116698494,1.0,3346.9789272618323,False,False
2014-08-19,frozen,1.376252081403459,158.28107595443726,5.349610805511475,3513.4297815513605,1.049731670831194,3.5117185815382026,0.0005017534362412721,1.55970855692829,1.480584804694893,0.039561876116698494,1.0,3346.9789272618323,False,False
2014-08-26,frozen,1.376216675532776,157.33543634414673,5.338420391082764,3443.395679230097,1.028807098599555,3.441684479216939,0.0007227746791030017,1.55970855692829,1.480584804694893,0.039561876116698494,1.0,3346.9789272618323,False,False
2014-09-02,frozen,1.4033824699827055,156.20949268341064,5.451546669006348,3670.313018080002,1.0966047584538245,3.6642455781042655,0.0008012595761507612,1.55970855692829,1.480584804694893,0.039561876116698494,1.0,3346.9789272618323,False,False
2014-09-09,frozen,1.4395452097493648,155.66956996917725,5.599808216094971,3911.919119759203,1.1687910813826214,3.9058516797834653,0.0006515876867742265,1.55970855692829,1.480584804694893,0.039561876116698494,1.0,3346.9789272618323,False,False
2014-09-16,frozen,1.468613622246736,155.93043565750122,5.732601642608643,3591.089429960848,1.072934580110644,3.5876670299345306,0.0005786568254476412,1.55970855692829,1.480584804694893,0.039561876116698494,1.0,3346.9789272618323,False,False
2014-09-23,frozen,1.4970583412021112,155.63933849334717,5.750575065612793,3851.0707184016765,1.1506109844414951,3.847648318375353,0.0008866775654747945,1.55970855692829,1.480584804694893,0.039561876116698494,1.0,3346.9789272618323,False,False
2014-09-30,frozen,1.5072094953191373,153.57353687286377,5.868281841278076,4539.744343253975,1.3563707576037671,4.534478263275027,0.0011918664705023961,1.55970855692829,1.480584804694893,0.039561876116698494,1.0,3346.9789272618323,False,False
2014-10-07,frozen,1.5155171056630374,153.30651998519897,6.01636266708374,4428.239629247187,1.3230557244260677,4.422973549268248,0.0010136224448749382,1.55970855692829,1.480584804694893,0.039561876116698494,1.0,3346.9789272618323,False,False
2014-10-14,frozen,1.551123941838948,155.2685260772705,6.109889030456543,3910.1336870980285,1.1682576353406904,3.9101336870980266,0.0008178041123849338,1.55970855692829,1.480584804694893,0.039561876116698494,1.0,3346.9789272618323,False,False
2014-10-21,frozen,1.551393621402918,155.3136110305786,6.123671054840088,3882.287196020785,1.159937746963017,3.882287196020781,0.0008688736228827387,1.55970855692829,1.480584804694893,0.039561876116698494,1.0,3346.9789272618323,False,False
2014-10-28,frozen,1.5399564504567778,154.68777418136597,6.046727180480957,3977.2275895589632,1.18830374376236,3.973095869748476,0.0010669612025092003,1.55970855692829,1.480584804694893,0.039561876116698494,1.0,3346.9789272618323,False,False
2014-11-04,frozen,1.5911515339707833,156.4481019973755,6.261801719665527,3823.869493737819,1.1424838867647522,3.816247753998403,0.0010014266862120578,1.55970855692829,1.480584804694893,0.039561876116698494,1.0,3346.9789272618323,False,False
2014-11-11,frozen,1.593365893522147,157.0246696472168,6.339465618133545,3667.1614034715303,1.095663128800049,3.659876383542599,0.0008108033227646243,1.55970855692829,1.480584804694893,0.039561876116698494,1.0,3346.9789272618323,True,False
2014-11-18,frozen,1.6094917993530573,158.1437349319458,6.509101867675781,3545.488806526064,1.0593101670426808,3.5390235066050284,0.0007931993101619056,1.55970855692829,1.480584804694893,0.039561876116698494,1.0,3346.9789272618323,False,False
2014-11-25,frozen,1.6309712423627525,158.9117407798767,6.507141590118408,3614.937997744383,1.0800599813461533,3.60561609788257,0.0009786715606082683,1.55970855692829,1.480584804694893,0.039561876116698494,1.0,3346.9789272618323,True,False
2014-12-02,frozen,1.6792735665182843,158.47151279449463,6.694706439971924,3733.1832922762674,1.1153889443009997,3.7265316923354885,0.0010272654701077172,1.55970855692829,1.480584804694893,0.039561876116698494,1.0,3346.9789272618323,False,False
2014-12-09,frozen,1.7196787341524105,158.54098796844482,6.892501354217529,3810.7849912002703,1.1385745396126166,3.81078499120027,0.0009072010628146394,1.55970855692829,1.480584804694893,0.039561876116698494,1.0,3346.9789272618323,True,False
2014-12-16,frozen,1.7126354419840735,160.38141250610352,6.910064220428467,3364.5732014489163,1.0052567627611202,3.3645732014489202,0.0007935884551941431,1.55970855692829,1.480584804694893,0.039561876116698494,1.0,3346.9789272618323,False,False
2014-12-23,frozen,1.6903536432181965,158.9348554611206,6.736841678619385,3767.707501711844,1.1257039806922866,3.767707501711849,0.0005929909959747322,1.55970855692829,1.480584804694893,0.039561876116698494,1.0,3346.9789272618323,True,False
2014-12-30,frozen,1.6727420475175383,156.52652978897095,6.574873447418213,4993.847375518086,1.4920462554580702,4.99384737551808,0.00042256166712644323,1.55970855692829,1.480584804694893,0.039561876116698494,1.0,3346.9789272618323,False,False
2015-01-06,frozen,1.6353442152685504,156.88419342041016,6.420799255371094,4904.736632447247,1.4654220235739035,4.904736632447246,0.0003150756973920787,1.55970855692829,1.480584804694893,0.039561876116698494,1.0,3346.9789272618323,True,False
2015-01-13,frozen,1.612817732513324,155.7889223098755,6.248926639556885,4342.692151895766,1.2974961140399315,4.342692151895766,0.0002792407121926809,1.55970855692829,1.480584804694893,0.039561876116698494,1.0,3346.9789272618323,False,False
2015-01-20,frozen,1.5672916810069843,155.49137592315674,6.017033100128174,4276.080298969154,1.277594030885465,4.2760802989691555,0.0002769856571328294,1.55970855692829,1.480584804694893,0.039561876116698494,1.0,3346.9789272618323,True,False
2015-01-27,frozen,1.5701116511401596,154.58104610443115,6.006155490875244,4835.664285684228,1.4447848016898903,4.835664285684228,0.00030635123564533095,1.55970855692829,1.480584804694893,0.039561876116698494,1.0,3346.9789272618323,False,False
2015-02-03,frozen,1.5597547146143722,153.1867504119873,6.051407337188721,4931.139188266996,1.473310497446474,4.931139188266995,0.00031545059956877624,1.55970855692829,1.480584804694893,0.039561876116698494,1.0,3346.9789272618323,True,False
2015-02-10,frozen,1.543262886487358,153.08891534805298,6.075440883636475,4306.666006711725,1.2867323339364474,4.306666006711723,0.00029514374761859473,1.55970855692829,1.480584804694893,0.039561876116698494,1.0,3346.9789272618323,False,False
2015-02-17,frozen,1.5325151702843538,152.85130739212036,5.999312877655029,4167.419105523825,1.2451285759761852,4.167419105523821,0.0003040106382658037,1.55970855692829,1.480584804694893,0.039561876116698494,1.0,3346.9789272618323,False,False
2015-02-24,frozen,1.5446747670594991,153.59667539596558,5.9788713455200195,4831.530198213464,1.4435496318365366,4.825117968090889,0.00037186917943115677,1.55970855692829,1.480584804694893,0.039561876116698494,1.0,3346.9789272618323,False,False
2015-03-03,frozen,1.504918769060657,154.56727743148804,5.843941688537598,5199.06981588424,1.553361980721404,5.192657585761661,0.00039751915281554075,1.55970855692829,1.480584804694893,0.039561876116698494,1.0,3346.9789272618323,False,False
2015-03-10,frozen,1.5019093792524332,155.21122217178345,5.857719898223877,4889.792131631389,1.460956951895641,4.889792131631378,0.00036865890317129454,1.55970855692829,1.480584804694893,0.039561876116698494,1.0,3346.9789272618323,False,False
2015-03-17,frozen,1.4918461590702685,155.25918006896973,5.770602703094482,4541.577737691409,1.3569185335166958,4.5415777376914015,0.00033601407723058254,1.55970855692829,1.480584804694893,0.039561876116698494,1.0,3346.9789272618323,False,False
2015-03-24,frozen,1.5370938719028833,155.04595041275024,5.790464401245117,4785.594634569289,1.4298251463699505,4.781872144544479,0.0003760380196002674,1.55970855692829,1.480584804694893,0.039561876116698494,1.0,3346.9789272618323,False,False
2015-03-31,frozen,1.5618902582845036,156.2785506248474,5.813757419586182,5179.285534273984,1.547450894323725,5.1755630442491745,0.00047251632659489493,1.55970855692829,1.480584804694893,0.039561876116698494,1.0,3346.9789272618323,False,False
2015-04-07,frozen,1.5530885161075427,156.01650476455688,5.849695682525635,5296.824546949867,1.58256883657263,5.296824546949861,0.00045979962926436375,1.55970855692829,1.480584804694893,0.039561876116698494,1.0,3346.9789272618323,False,False
2015-04-14,frozen,1.567211820453992,155.95101118087769,5.913003444671631,5089.30994955779,1.5205682677307326,5.089309949557774,0.0004144427867532962,1.55970855692829,1.480584804694893,0.039561876116698494,1.0,3346.9789272618323,False,False
2015-04-21,frozen,1.5769053808510338,154.19189929962158,5.857789993286133,4865.546439889673,1.4537128991935968,4.865546439889663,0.0005331324252497263,1.55970855692829,1.480584804694893,0.039561876116698494,1.0,3346.9789272618323,True,False
2015-04-28,frozen,1.5365279864316534,153.96744012832642,5.676205635070801,4977.969333900809,1.4873022633498598,4.977969333900804,0.0006738389699396407,1.55970855692829,1.480584804694893,0.039561876116698494,1.0,3346.9789272618323,False,False
2015-05-05,frozen,1.5119029276564246,153.43618392944336,5.658205032348633,4845.769924504163,1.4478041331644993,4.845769924504164,0.0005716077701868888,1.55970855692829,1.480584804694893,0.039561876116698494,1.0,3346.9789272618323,False,False
2015-05-12,frozen,1.5388535370347167,153.20169925689697,5.796324729919434,4797.602714007503,1.4334128831616002,4.797602714007499,0.00044762602217145506,1.55970855692829,1.480584804694893,0.039561876116698494,1.0,3346.9789272618323,False,False
2015-05-19,frozen,1.5126661394670242,153.88237237930298,5.679169654846191,4168.84781502903,1.2455554413781655,4.16884781502903,0.0003812174459131164,1.55970855692829,1.480584804694893,0.039561876116698494,1.0,3346.9789272618323,False,False
2015-05-26,frozen,1.479686641503071,153.78097295761108,5.517966270446777,3590.3841130477244,1.072723847707348,3.586302073025348,0.0004630123863935891,1.55970855692829,1.480584804694893,0.039561876116698494,1.0,3346.9789272618323,False,False
2015-06-02,frozen,1.5026027647159395,154.57732677459717,5.520315170288086,3891.091014786069,1.1625681246727704,3.887008974763693,0.0005249537292218389,1.55970855692829,1.480584804694893,0.039561876116698494,1.0,3346.9789272618323,False,False
2015-06-09,frozen,1.4848593099333642,156.19242191314697,5.492483139038086,4029.381820697488,1.2038862234468655,4.029381820697489,0.00041064257120164064,1.55970855692829,1.480584804694893,0.039561876116698494,1.0,3346.9789272618323,False,False
2015-06-16,frozen,1.4637470372720953,157.02394247055054,5.408867835998535,3868.031027635335,1.1556783331168972,3.868031027635336,0.00034321687793987073,1.55970855692829,1.480584804694893,0.039561876116698494,1.0,3346.9789272618323,False,False
2015-06-23,frozen,1.4930237103500563,156.26275539398193,5.427741527557373,3853.7849304205192,1.1514219283039542,3.846215630236272,0.0005136164036125074,1.55970855692829,1.480584804694893,0.039561876116698494,1.0,3346.9789272618323,False,False
2015-06-30,frozen,1.473118614018324,156.20577335357666,5.359405517578125,3956.547216854397,1.1821249260422602,3.948977916670151,0.0007419233363819448,1.55970855692829,1.480584804694893,0.039561876116698494,1.0,3346.9789272618323,False,False
2015-07-07,frozen,1.448999387909728,157.09872245788574,5.368772506713867,3781.8564149317185,1.1299313491721503,3.7818564149317186,0.0005956883976680089,1.55970855692829,1.480584804694893,0.039561876116698494,1.0,3346.9789272618323,False,False
2015-07-14,frozen,1.4293199299670165,159.32809114456177,5.276683807373047,3464.086325962548,1.034988985961893,3.4640863259625485,0.0004148520740117875,1.55970855692829,1.480584804694893,0.039561876116698494,1.0,3346.9789272618323,False,False
2015-07-21,frozen,1.4366180291627473,158.4491491317749,5.340264797210693,3314.52872958034,0.9903046304184413,3.3145287295803514,0.0005183766382875714,1.55970855692829,1.480584804694893,0.039561876116698494,1.0,3346.9789272618323,False,False
2015-07-28,frozen,1.417474713928841,157.6976180076599,5.297703266143799,3394.910721221863,1.0143209129790498,3.394910721221874,0.0007687446114504981,1.55970855692829,1.480584804694893,0.039561876116698494,1.0,3346.9789272618323,False,False
2015-08-04,frozen,1.4245173639589719,158.5465908050537,5.300572872161865,3502.2376162672035,1.0463877103440231,3.502237616267211,0.0007421338174789889,1.55970855692829,1.480584804694893,0.039561876116698494,1.0,3346.9789272618323,False,False
2015-08-11,frozen,1.4503011998511663,157.17099905014038,5.391237735748291,3466.6885226258623,1.0357664622232816,3.464839322579806,0.0005489531177825953,1.55970855692829,1.480584804694893,0.039561876116698494,1.0,3346.9789272618323,False,False
2015-08-18,frozen,1.442356942895825,155.29112815856934,5.382758617401123,3212.6295307970054,0.9598595033358223,3.2060103307509444,0.0004887974985241484,1.55970855692829,1.480584804694893,0.039561876116698494,1.0,3346.9789272618323,False,False
2015-08-25,frozen,1.458607757260907,154.81809377670288,5.344869136810303,3307.24402253449,0.9881281282043058,3.296802222613458,0.0007287011165521085,1.55970855692829,1.480584804694893,0.039561876116698494,1.0,3346.9789272618323,False,True
2015-09-01,frozen,1.4933967695452763,155.12588024139404,5.458610534667969,3392.908919380904,1.013722820823568,3.3872371194598734,0.0008181219671673384,1.55970855692829,1.480584804694893,0.039561876116698494,1.0,3346.9789272618323,False,False
2015-09-08,frozen,1.5276648655718432,153.91522645950317,5.652647972106934,3601.79942691654,1.0761344798376657,3.5988407068428443,0.0006993188533646851,1.55970855692829,1.480584804694893,0.039561876116698494,1.0,3346.9789272618323,False,False
2015-09-15,frozen,1.5467453031207952,154.79727983474731,5.753900051116943,4029.4085269153143,1.203894202647932,4.026449806841615,0.0007682394246326495,1.55970855692829,1.480584804694893,0.039561876116698494,1.0,3346.9789272618323,False,False
2015-09-22,frozen,1.5539980007463727,154.90293502807617,5.710649490356445,3979.7672309923187,1.1890625299658433,3.976481450934411,0.000955310036394639,1.55970855692829,1.480584804694893,0.039561876116698494,1.0,3346.9789272618323,False,False
2015-09-29,frozen,1.581226621195841,153.9667248725891,5.917539596557617,4013.672128797771,1.1991925303459743,4.010386348739868,0.0011317725752544865,1.55970855692829,1.480584804694893,0.039561876116698494,1.0,3346.9789272618323,False,False
2015-10-06,frozen,1.5950463864938507,155.19968271255493,6.1021809577941895,4073.1410295379155,1.216960464364249,4.073141029537926,0.0009978650361512145,1.55970855692829,1.480584804694893,0.039561876116698494,1.0,3346.9789272618323,True,False
2015-10-13,frozen,1.6473036100682188,155.15153408050537,6.35488748550415,4021.0863329663844,1.2014077233094622,4.021086332966394,0.0008507273145572033,1.55970855692829,1.480584804694893,0.039561876116698494,1.0,3346.9789272618323,False,False
2015-10-20,frozen,1.617442348773542,155.11316061019897,6.240041732788086,3886.1032345259177,1.161077891131255,3.886103234525924,0.0008514584053007495,1.55970855692829,1.480584804694893,0.039561876116698494,1.0,3346.9789272618323,True,False
2015-10-27,frozen,1.6129134567001298,155.49077987670898,6.26008415222168,3686.380434097353,1.1014053312588932,3.6863804340973547,0.0009748528135254717,1.55970855692829,1.480584804694893,0.039561876116698494,1.0,3346.9789272618323,False,False
2015-11-03,frozen,1.6457683806999925,155.90330362319946,6.4453558921813965,3727.1314326548586,1.1135807884228388,3.7271314326548626,0.0009918683170236386,1.55970855692829,1.480584804694893,0.039561876116698494,1.0,3346.9789272618323,True,False
2015-11-10,frozen,1.6233013330966728,155.2902340888977,6.4460225105285645,3585.0301277366248,1.0711242005546604,3.5850301277366365,0.0008024175474768512,1.55970855692829,1.480584804694893,0.039561876116698494,1.0,3346.9789272618323,False,False
2015-11-17,frozen,1.6366285446814912,156.7353367805481,6.637346267700195,3278.745628165305,0.9796134661796783,3.2787456281653102,0.0007370508259671079,1.55970855692829,1.480584804694893,0.039561876116698494,1.0,3346.9789272618323,True,False
2015-11-24,frozen,1.6415781342708102,157.13955163955688,6.6633710861206055,3509.5140324333333,1.0485617354347885,3.5095140324333323,0.000964136166967226,1.55970855692829,1.480584804694893,0.039561876116698494,1.0,3346.9789272618323,False,False
2015-12-01,frozen,1.6805201385599342,156.69050216674805,6.739781856536865,3704.3750424027453,1.1067817046082509,3.704375042402748,0.0010536679411477811,1.55970855692829,1.480584804694893,0.039561876116698494,1.0,3346.9789272618323,True,False
2015-12-08,frozen,1.7282161008011983,157.68702030181885,6.8311967849731445,3771.8400453278437,1.1269386892774944,3.769703805391023,0.0009728032670789881,1.55970855692829,1.480584804694893,0.039561876116698494,1.0,3346.9789272618323,False,False
2015-12-15,frozen,1.767673403861405,160.3649139404297,6.935612201690674,3505.4826412689695,1.047357248865863,3.4990739214584905,0.0009240855404789683,1.55970855692829,1.480584804694893,0.039561876116698494,1.0,3346.9789272618323,True,False
2015-12-22,frozen,1.7311428563871056,160.8675479888916,6.787373065948486,3710.4434416010968,1.1085948021299958,3.7061709617274428,0.0007227254988289603,1.55970855692829,1.480584804694893,0.039561876116698494,1.0,3346.9789272618323,False,False
2015-12-29,frozen,1.720268393271633,158.43669176101685,6.686918258666992,4608.193831875029,1.3768218838607982,4.598225791835489,0.0004601414112518541,1.55970855692829,1.480584804694893,0.039561876116698494,1.0,3346.9789272618323,True,False
